ID,WR#,Reference,HD,Alias1,Alias2,Alias3,Right Ascension,Declination J2000,Galactic Longitude,Galactic Latitude,Spectral Type,Reference,Binary Status,Binary Reference,u,b,v,r,U,B,V,G,J,H,K,Cluster,Association,Star Forming Region,Distance,DistanceRef
1,1,VII,HD 4004,HIP 3415,,,00 43 28.39,+64 45 35.4,122.0825,1.9012,WN4b,SSM96,SB1?,"La83, MS86, MMH98, MG99, Ni00",11.2,11.02,10.51,10.15,10.36,10.74,10.1,9.79,8.206,7.857,7.48,,(Cas OB7),,3.15,RC20
2,2,VII,HD 6327,HIP 5100,,,01 05 23.03,+60 25 18.9,124.65,-2.41,WN2b,SSM96,VB,"Hip97, MMH98",11.62,11.46,11.33,11.17,11.04,10.35,10.99,,10.036,9.783,9.445,,Cas OB1:,,2.4,CSM19
3,3,VII,HD 9974,HIP 7681,,,01 38 55.62,+58 09 22.6,129.1797,-4.1382,WN3ha,MMC04,SB2,"MLS86,MS86,SH89,SM89,SS96",10.54,10.64,10.7,10.73,9.85,10.62,10.61,10.58,10.237,10.134,10.009,,,,2.9,RC20
4,4,VII,HD 16523,HIP 12527,,,02 41 11.67,+56 43 49.8,137.5948,-2.9839,WC5+?,VI,"SB1, no d.e.l.","MS86,CM89,RC89,SS90,VII",10.73,10.73,10.53,10.53,10.03,10.3,9.8,9.68,8.749,8.566,7.877,,,,3.75,RC20
5,5,VII,HD 17638,HIP 13380,,,02 52 11.66,+56 56 07.1,138.8668,-2.153,WC6,VI,,,11.68,11.49,11.02,10.76,10.97,10.85,10.37,10.06,8.626,8.336,7.653,,,,2.97,RC20
6,6,VII,HD 50896,HIP 33165,EZ CMa,,06 54 13.04,-23 55 42.0,234.7567,-10.0832,WN4b,SSM96,SB1?,"FK80,DH96,MM98,MMH98,GK99,NG99a",,6.87,6.94,6.98,5.64,6.6,6.87,6.57,6.353,6.226,5.893,Collinder 121:,,G234.8-10.1,2.27,RC20
7,7,VII,HD 56925,HIP 35378,,,07 18 29.13,-13 13 01.5,227.7503,-0.1285,WN4b,SSM96,,MMH98,12.21,12.11,11.75,11.51,11.21,11.68,11.4,11.17,9.97,9.674,9.271,,,G227.8-0.2,4.23,RC20
8,7a,VII,,,PLMC 1,GSC 6537-0281,07 20 22.38,-23 43 57.60,237.27,-4.64,WN4/C,PM98,,,,,,,,,13.9,,,,,,,,,
9,8,VII,HD 62910,HIP 37791,,,07 44 58.22,-31 54 29.5,247.0732,-3.7926,WN7o/CE,SSM96,SB1,"Ni91,MMH98",10.99,10.95,10.48,10.27,10.08,10.69,10.16,9.92,8.57,8.322,7.928,,(Anon.Pup a:),,3.74,RC20
10,9,VII,HD 63099,HIP 37876,IC 2206,,07 45 50.40,-34 19 48.5,249.2719,-4.8376,WC5+O7,HH88,SB2 (P=14.3d),"NM84,SM89,Ni95,LM96",12.05,11.67,10.93,10.6,11.47,11.42,10.49,10.14,8.452,8.11,7.545,(HD 63077 group?),(Anon.Pup b?),,4.57,RC20
11,10,VII,HD 65865,HIP 39086,,,07 59 46.24,-28 44 03.0,245.9799,0.575,WN5h,SSM96,VB,"Ni81,Tu81,Hip97,HH88,NG99a",11.47,11.3,11.08,10.99,10.62,11.22,10.93,10.94,10.053,9.887,9.61,Ruprecht 44,,,5.46,RC20
12,11,VII,HD 68273,HIP 39953,gamma Vel,,08 09 31.96,-47 20 11.8,262.8025,-7.6858,WC8+O7.5III-V,DS99,"SB2, VB (78.5d)","SSS97,DS99,NG99a,SSK99,TC99,DS00, MPG07",,1.42,1.74,,0.64,1.58,1.83,1.7,2.15,2.25,2.1,,Gamma Vel,,0.34,vL07
13,12,VII,,,Ve5-5,MR 13,08 44 47.29,-45 58 55.4,265.1995,-1.9689,WN8h,SSM96; FM12,"SB1, no d.e.l. (P=23.92)","Ni82,CM89,SM89,LM96,RVG96,VII; FM12",11.63,11.41,10.99,10.61,10.95,11.34,10.78,10.36,8.616,8.26,7.869,,Bochum 7,,5.71,RC20
14,13,VII,,,Ve6-15,,08 49 52.95,-45 10 24.0,265.1288,-0.7674,WC6,VI,,,15.1,14.6,13.78,13.28,,,,12.39,10.135,9.635,8.864,,,,4.8,RC20
15,14,VII,HD 76536,HIP 43778,Ve5-8,,08 54 59.16,-47 35 32.6,267.5521,-1.637,WC7+?,"SS90,Sh90","SB1, no d.e.l.","CM89,Sh90,SS90,NG99a,VII",9.67,9.54,9.4,9.42,8.96,9.44,8.92,8.61,7.486,7.245,6.612,,(Anon.Vel a:),,2.22,RC20
16,15,VII,HD 79573,HIP 45237,Ve5-10,,09 13 11.76,-50 06 25.5,271.4236,-1.0817,WC6,VI,,,12.9,12.44,11.72,11.08,12.3,11.8,10.69,10.16,7.846,7.338,6.596,,(Anon.Vel b?),,2.96,RC20
17,16,VII,HD 86161,HIP 48617,,,09 54 52.89,-57 43 38.2,281.0797,-2.5509,WN8h,SSM96,,"MN82,BE89,GH89,GVM90,AB95,MMH98,NG99a",8.76,8.74,8.44,8.25,7.94,8.63,8.32,8.05,6.968,6.714,6.38,,,,2.63,RC20
18,17,VII,HD 88500,HIP 49838,,,10 10 31.90,-60 38 42.4,284.4355,-3.6884,WC5,VI,,,10.97,11.17,11.03,11.14,,10.87,10.63,10.42,9.926,9.736,9.167,,,,6.75,RC20
19,17-Jan,SM09,,,SMG09 668-4,,10 16 26.21,-57 28 05.7,283.2606,-0.6406,WN5b,"SMG09, RC15",,,,,,,,,,16.97,11.73,10.38,9.53,,,G283.3-0.6/RM10 SFC26?,3.09,RC20
20,18,VII,HD 89358,HIP 50368,,,10 17 02.26,-57 54 46.8,283.5747,-0.9656,WN4b,SSM96,,MMH98,11.91,11.66,11.11,10.72,11.1,11.26,10.75,10.34,8.566,8.205,7.676,,Car OB1:,RM10 SFC26?,3.82,RC20
21,19,VII,,,LS 3,,10 18 04.98,-58 16 26.2,283.8897,-1.1896,WC4; WC5; WC4pd+O9,SS90; CDB98; WH96,CWB (P=10.1y),VH98; Wil19,15.46,14.81,13.75,13.03,,,,12.4,9.751,9.134,8.53,,,G284.0-1.0/RM10 SFC26?,4.33,RC20
22,19a,VII,,,SMSP 1,,10 18 53.38,-58 07 52.9,283.8998,-1.0121,WN7:(h),SMS99,,,,19.16,17.45,,,16.8,,12.83,9.075,8.132,7.499,,,G284.0-1.0/RM10 SFC26?,4.77,RC20
23,20,VII,,,BS 1,,10 19 18.39,-59 09 38.8,284.5106,-1.8426,WN5o,SSM96,,,15.75,15.33,14.45,13.87,,,,13.54,11,10.432,9.927,,,,6.98,RC20
24,20-Feb,RBM11,,,SS21,WR20aa,10 23 23.48,-58 00 20.8,284.3316,-0.5836,O2If*/WN6,RBM11,,,,,,,,12.74,12.64,11.86,9.28,8.73,8.4,,,RM10 SFC26?,5.53,RC20
25,20a,VII,,,SMS 2,,10 23 58.00,-57 45 48.9,284.2667,-0.338,WN7:h/C; O3If*/WN6+O3If*/WN6,SMS99; CW11,,,,15.52,14.14,,15.26,15,13.47,12.25,8.858,8.083,7.588,Westerlund 2,,RCW49/RM10 SFC26?,5.03,RC20
26,20b,VII,,,SMSP 3,,10 24 18.39,-57 48 29.7,284.3288,-0.3517,WN6ha,RSN11,,,,17.09,15.4,,,15.1,,12.11,8.653,7.797,7.18,Westerlund 2,,RCW49/RM10 SFC26?,3.07,RC20
27,20-Mar,RBM11,,,WR20c,,10 25 02.60,-57 21 47.3,284.1757,-0.0778,O2If*/WN6,RBM11,,,,,,,,18.03,17.26,14.85,10.51,9.57,9.04,,,RM10 SFC26?,2.5,rc20
28,21,VII,HD 90657,HIP 51109,,,10 26 31.40,-58 38 26.1,285.0171,-0.9032,WN5o+O4-6; WN5o+O7V,SSM96; FM12,SB2 (P=8.25d),"NM82,SM89,LM96,MMH98,GN99,NG99a; FM12",10.15,10.03,9.76,9.58,9.53,10.16,9.71,9.49,8.414,8.217,8.033,,,,3.99,rc20
29,21a,VII,,,THA 35-II-42,1E 1024.0-5732,10 25 56.49,-57 48 43.5,284.5154,-0.2394,O2If/WN5,MSA16,d.e.l.,"McB94,Re99",,,12.8,,,13,,11.69,8.808,8.2,7.833,,,RM10 SFC26?,4.38,rc20
30,22,VII,HD 92740,HIP 52308,HR 4188,,10 41 17.50,-59 40 36.8,287.1742,-0.8475,WN7ha; WN7h+O9III-V,"SSM96; SS99,RV96",SB2,"CN79,SM89,GR91,RV96,MMH98,NG99a,SSS99",7.18,7.24,7.16,7.14,5.69,6.48,6.39,6.23,5.705,5.578,5.389,,Car OB1,NGC 3372,2.33,RC20
31,23,VII,HD 92809,HIP 52331,,,10 41 38.31,-58 46 18.7,286.7804,-0.0314,WC6,VI,,NG99a,9.62,9.62,9.67,9.72,9.02,9.51,9.11,8.87,7.889,7.602,7.055,Bochum 10,Car OB1:,NGC 3372,2.55,RC20
32,24,VII,HD 93131,HIP 52488,,,10 43 52.24,-60 07 04.0,287.6681,-1.0822,WN6ha,SSM96,,"CN79,NG99a",,7.16,7.2,7.28,5.52,6.46,6.48,6.35,6.097,6.012,5.816,Collinder 228:,Car OB1,NGC 3372,3.55,RC20
33,25,VII,HD 93162,,PPM 339385,,10 44 10.37,-59 43 11.1,287.5145,-0.713,O2.5If*/WN6+O,CW11; GGM06,SB1; CWB (P~208d),GGM06,9.14,9.01,8.84,8.57,7.9,8.51,8.07,7.79,6.26,5.97,5.721,Trumpler 16,Car OB1,NGC 3372,1.97,RC20
34,26,VII,,,MS 1,,10 44 32.11,-57 50 23.9,286.675,0.9696,WN7b/CE,SSM96,,,15.85,15.53,14.61,13.91,,,,13.17,10.838,10.272,9.675,,,,6.7,RC20
35,27,VII,,,LS 4,,10 44 38.04,-58 48 28.8,287.1394,0.1201,WC6+a,"VI,SS90","a, no d.e.l.","CM89,SS90,VII",,16.25,14.96,14.31,,,,12.82,9.88,9.171,8.295,,,,2.62,RC20
36,28,VII,,,MS 2,,10 48 58.71,-59 03 37.3,287.7532,0.1542,WN6(h)+OB?,SSM96,d.e.l.,"CM89,VII",14.27,13.77,13,12.35,,,,12.06,9.711,9.161,8.733,,,,5.74,RC20
37,29,VII,,,MS 3,,10 50 46.28,-60 28 41.2,288.593,-1.0101,WN7h+abs; WN7h+O,SSM96; NG99b,SB2,"NG99a,NG99b",13.74,13.3,12.65,12.17,,,,11.9,9.909,9.457,9.123,,,,5.64,RC20
38,30,VII,HD 94305,,TYC 8961 618 1,,10 51 05.99,-62 17 01.6,289.4357,-2.6078,WC6+O6-8; WC6+O7.5,NM83; FM12,SB2 (P=18.8d),"NM83,SM89,Ni95,LM96; FM12",,12,11.73,,,,,11.16,10.055,9.763,9.21,,,,5.09,RC20
39,30a,VII,,,MS 4,,10 51 38.89,-60 56 34.9,288.8964,-1.3784,WO4+O5-5.5,"CDB98,GR00",SB2,"Ni95,GR99,GR00",,14.12,13.33,12.77,,,12.73,12.39,,,,,,,6.72,RC20
40,31,VII,HD 94546,HIP 53274,,,10 53 44.81,-59 30 46.6,288.4998,0.02,WN4o+O8V,SSM96; FM12,"SB2, VB (P=4.83d)","NM85,LM87,SM89,LM96,Hip97,GN99; FM12",,10.97,10.69,,10.38,10.95,10.56,10.39,9.172,8.962,8.688,,,,6.11,RC20 (n flag)
41,31a,VII,,,He3-519,,10 53 59.57,-60 26 44.3,288.9349,-0.8055,WN11h,SC94,,,,,,,,11.64,10.85,10.27,7.323,6.719,6.097,,,,7.35,RC20
42,31b,VII,HD 94910,HIP 53461,AG Car,,10 56 11.57,-60 27 12.8,289.1829,-0.6953,WN11h,SC94,VB,HL93,,,,,7,7.74,7.21,7.32,5.42,5.084,4.531,,,,4.85,RC20
43,31c,VII,,,SMSP 4,,10 57 42.85,-60 34 00.4,289.4006,-0.7179,WC6,"SM91,SMS99","a, d.e.l.","CM89,SS90,VII",,17.33,16.37,,,,,14.06,11.04,10.343,9.489,,,,6.06,RC20
44,32,VII,,,MS 5,,10 59 52.91,-59 52 43.4,289.3558,0.0196,WC5+OB?,VI,d.e.l.,"CM89,SS90,VII",,17.19,15.9,15.06,,,,14.52,11.717,11.042,10.229,,,,5.77,RC20
45,33,VII,HD 95435,,,,11 00 00.71,-57 48 59.2,288.5127,1.9018,WC5; WC6,SS90; CDB98,,,12.43,12.51,12.35,12.48,,,,11.47,10.62,10.348,9.693,,,,7.59,RC20
46,34,VII,,,LS 5,,11 00 06.45,-61 26 30.1,290.0311,-1.3903,WN5o,SSM96,,,,15.26,14.5,,,,,13.66,11.204,10.586,10.036,,,,7.41,RC20
47,35,VII,,,MS 6,,11 00 21.84,-61 13 52.4,289.9717,-1.186,WN6h+OB?,SSM96,d.e.l.,"CM89,VII",14.72,14.49,13.9,13.37,,,,13.13,,,,,,,6.86,RC20
48,35a,VII,,,SMSP 5,,11 00 24.33,-59 59 35.6,289.463,-0.0574,WN6h+O8.5V,SMS99; GCB14,SB2,GCB14,,14.78,13.92,,,,,12.88,10.467,9.975,9.649,,,,5.84,RC20
49,35b,VII,,,SMSP 6,,11 01 02.08,-60 14 01.0,289.6338,-0.2438,WN4b,SMS99,,,,15.76,14.49,,,,,13.86,10.949,10.351,9.757,Sher 1,,,5.36,RC20
50,36,VII,,,LS 6,,11 02 32.97,-59 26 20.9,289.4818,0.5589,WN5-6b+OB?,SSM96,d.e.l.,"CM89,VII",14.76,14.38,13.7,13.17,,,,12.69,,,,,,,5.43,RC20
51,37,VII,,,MS 7,,11 05 13.89,-61 20 41.1,290.5521,-1.0522,WN4b,SSM96,,,17.77,17,15.77,14.86,,,,14.14,11.027,10.339,9.672,,,RM10 SFC27?,6.71,RC20
52,38,VII,,,MS 8,,11 05 46.43,-61 13 48.6,290.5664,-0.9212,WC4,VI,,,16.83,16.33,15.4,14.73,,,14.66,14.63,11.991,11.497,10.793,C1104-610a,,RM10 SFC27?,6.04,RC20
53,38a,VII,,,SMSP 7,,11 05 48.95,-61 13 41.3,290.5702,-0.9173,WN5o,SMS99,,,,17.04,16.21,,16.33,16.27,15.12,14.44,11.533,11.213,10.705,C1104-610a,,RM10 SFC27?,5.42,RC20
54,38b,VII,,,SMSP 8,,11 06 18.56,-61 14 13.7,290.6283,-0.9022,WC7,SM91; SMS99,"a, d.e.l.","CM89,SS90,VII",,17.71,16.21,,,,,13.74,10.395,9.276,8.608,C1104-610b ?,,RM10 SFC27?,4.32,RC20
55,39,VII,,,MS 9,,11 06 18.72,-61 14 18.4,290.6291,-0.9032,WC7+OB?,SS90,d.e.l.,"CM89,SS90,VII",16.11,15.76,14.5,13.58,,,,12.62,,,,C1104-610b ?,,RM10 SFC27?,3.84,RC20 (e flag)
56,40,VII,HD 96548,HIP 54283,,,11 06 17.20,-65 30 35.3,292.3148,-4.8289,WN8h,SSM96,,"DS87,GV90,MM94,AB95,MMH98,MMEv98,NG99a",7.79,7.79,7.6,7.51,7.1,7.86,7.69,7.46,6.622,6.407,6.107,,,,3.83,RC20
57,41,VII,,,LS 7,,11 07 54.06,-61 27 40.8,290.8917,-1.0338,WC5+OB?,SS90,d.e.l.,"CM89,SS90,VII",,15.6,14.8,14.36,,,,13.79,,,,,,RM10 SFC27?,6.01,RC20
58,42,VII,HD 97152,HIP 54574,,,11 10 04.07,-60 58 44.9,290.9469,-0.4884,WC7+O7V,HH88,SB2 (P=7.89d),"DM81,SD87,SM89,LM96,NG99a; HMS00",,8.31,8.25,,7.44,8.18,8.05,7.92,7.589,7.519,7.084,,,RM10 SFC27?,2.44,RC20
59,42a,VII,,,SMSP 9,,11 12 15.73,-61 05 04.8,291.2328,-0.4859,WN5b,SMS99,,,,19.07,17.61,,,,,15.28,12.083,11.312,10.814,,,RM10 SFC28?,5.63,RC20
60,42b,VII,,,SMSP 10,,11 13 03.61,-62 14 18.4,291.7498,-1.5218,WN4b,SMS99,,,,19.39,16.96,,,,,14.81,11.349,10.521,9.9,,,,6.33,RC20
61,42c,VII,,,SMSP 11,,11 14 01.47,-61 03 47.7,291.4228,-0.3872,WN5o,SMS99,,,,17.92,16.56,,,,,14.47,11.149,10.468,9.899,,,RM10 SFC28?,6.72,RC20 (e flag)
62,42d,VII,,,SMSP 12,,11 14 38.63,-61 11 16.3,291.538,-0.4758,WN5b,SMS99,,,,16.61,15.28,,,,,13.65,10.2,9.518,8.909,,,RM10 SFC28?,3.2,RC20
63,43A,VII,HD97950 A1,,,,11 15 07.47,-61 15 38.16,291.62,-0.52,WN6ha+WN6ha,CD98,SB2,SCC08,,,,,,,11.18,,7.98,7.79,7.21,NGC 3603 ,,G291.6-0.5/RM10 SFC28,7.6,MMM08
64,43B,VII,HD97950 B,,,,11 15 07.58,-61 15 38.32,291.62,-0.52,WN6ha,CD98,,"SCM02, SCC08",,,,,,12.34,11.33,,7.78,7.7,7.08,NGC 3603,,G291.6-0.5/RM10 SFC28,7.6,MMM08
65,43C,VII,HD 97950 C,,,,11 15 07.76,-61 15 37.75,291.62,-0.52,O3If*/WN6,CW11,,"SCM02, SCC08",,,,,,12.94,11.89,,8.49,8.13,7.81,NGC 3603,,G291.6-0.5/RM10 SFC28,7.6,MMM08
66,43-1,SM09,,,SMG09 740_21,,11 16 03.52,-61 26 58.3,291.791,-0.6582,WN4b,SMG09,,,,,,,,16.76,16.82,18.94,13.16,11.57,10.47,,,G291.7-0.6/RM10 SFC28?,1.34,"RC20 (e,a flag)"
67,44,VII,,,LSS 2289,,11 16 57.83,-59 26 23.8,291.1754,1.258,WN4o+OB?,SSM96,d.e.l.,"CM89,VII",,13.33,12.96,,,,,12.53,7.91,6.93,6.59,,,,6.07,RC20
68,44a,VII,,,SMSP 13,,11 18 43.09,-61 26 35.8,292.0859,-0.5395,WN5b,SMS99,,,,17.75,16.2,,,,,15.2,,,,,,,5.06,RC20
69,44-1,SM09,,,SMG09 740_16,,11 19 43.01,-61 27 12.3,292.2103,-0.5074,WCE,SMG09,,,,,,,,13.67,12.35,16.13,11.5,10.987,10.326,,,,2.67,"RC20 (n,e,a flags)"
70,45,VII,,,LSS 2423,,11 38 05.08,-62 16 01.9,294.5124,-0.6005,WC6,VI,,,,15.92,14.8,14.08,,,14.1,13.24,10.6,9.99,9.2,,,,4.25,RC20
71,45-1,HD07,,,HDM 1,,11 42 37.64,-62 41 19.2,295.132,-0.8636,WN9-10h,HD07,,,,,,,,18.5,,15.58,11.496,10.54,9.813,,,,4.88,RC20 (e flag)
72,45-2,SM09,,,SMG09 768_6,,11 46 06.64,-62 47 12.7,295.5428,-0.8561,WN5,SMG09,,,,,,,,15.56,17.17,15.46,12.15,11.36,10.78,,,,4.39,RC20
73,45a,VII,,,SMSNPL 1,,11 46 18.14,-61 24 41.5,295.2208,0.4812,WN5o,SMS99,,,,17.88,16.69,,,17.2,,15.12,11.904,11.236,10.732,,,,3.79,RC20
74,45b,VII,,,SMSNPL 2,,11 48 46.02,-62 23 02.6,295.7404,-0.3906,WN4b,SMS99,,,,19.48,18.08,,,17,,15.09,11.45,10.609,9.918,,,,5.95,"RC20 (n,e flags)"
75,45-3,SM09,,,SMG09 772_17,,11 50 04.23,-62 52 15.4,296.0018,-0.8278,"WN6, WN5b","SMG09, RC15",,,,,,,,18.23,,16.82,12.57,11.58,10.94,,,,5.21,RC20 (n flag)
76,45-4,SM09,,,SMG09 773_3,MV09 J11555211-6245022,11 55 52.10,-62 45 02.3,296.6202,-0.5619,WN6,SMG09; MV09,,,,,,,,18.38,,15.54,11.65,10.76,10.14,,,,5.65,RC20 (e flag)
77,45c,VII,,,SMSNPL 3,,11 56 04.74,-62 44 05.1,296.6404,-0.5412,WN5o,SMS99,,,,16.35,15.44,,,15.1,,14,11.354,10.789,10.322,,,,6.14,RC20
78,46,VII,HD 104994,HIP 58954,,,12 05 18.71,-62 03 10.1,297.556,0.3365,WN3b pec,SSM96,"d.e.l., SB1?","CM89,VG95,NB95,MM96,MMH98,MA00,VGC02,VGH02,VII",10.71,10.84,10.87,10.9,9.95,10.77,10.58,10.7,10.199,10.079,9.834,,Cru OB4?,,2.6,RC20
79,46-1,HD07,,,HDM 2,,12 06 56.47,-62 38 30.4,297.8451,-0.2103,WN6o,HD07,,,,,,,,17.8,,15.07,11.547,10.818,10.222,,,,4.72,RC20 (e flag)
80,46-7,MV09,,,,MV09 J12100795-6244194,12 10 07.95,-62 44 19.4,298.2222,-0.2453,WC5-7; WC5-7vd,MV10; Wil19,Var dust (P = 1.49y?),Wil19,,,,,,,,18.26,12.753,11.082,9.741,,,G298.2-0.3/RM10 SFC29?,3.06,RC20 (e flag)
81,46-8,MV09,,,,MV09 J12110256-6257476,12 11 02.55,-62 57 47.6,298.3601,-0.4506,WN6,MV10,,,,,,,,,,17.43,12.017,10.702,9.845,,Dragonfish,RM10 SFC29,2.59,RC20
82,46-9,MV09,,,,MV09 J12121681-6246145,12 12 16.80,-62 46 14.6,298.4699,-0.2387,"WN4-6, WN5","MV10, RC15",,,,,,,,,,17.49,12.07,10.72,9.88,,Dragonfish,RM10 SFC29,3.05,RC20 (e flag)
83,46a,VII,,,SMSNPL 4,,12 13 02.34,-63 42 25.4,298.6948,-1.1517,WN4o,SMS99,,,,17.04,16,,,16.7,,14.88,12.076,11.418,10.919,,,,6.73,RC20
84,46-10,SM09,,,SMG09 791_12c,,12 13 28.27,-62 41 43.0,298.5936,-0.1438,WCE,SMG09,,,,,,,,,,19.36,14.05,13.67,11.53,,Dragonfish,RM10 SFC29,1.25,RC20 (a flag) 
85,46-2,HD07,,,HDM 3,,12 13 38.78,-63 08 58.1,298.6798,-0.5901,WN7h,HD07,,,,,,,,17.7,,14.63,10.56,9.644,9.032,,Dragonfish,RM10 SFC29,3.81,RC20
86,46-3,KB07,,,KBG2007-4,Mercer30-1,12 14 31.53,-62 58 54.3,298.7541,-0.4098,WN7-8; O6-7.5If+,KB07; FNB16,,,,,,,,,,15.3,10.33,9.06,8.54,Mercer 30,Dragonfish,RM10 SFC29,4.07,"RC20 (n,e flags)"
87,46-4,KB07,,,KBG2007-3,Mercer30-6a,12 14 31.71,-62 58 52.1,298.7544,-0.4091,Ofp/WN; Ofpe/WN9,KB07; FNB16,,,,,,,,,,15.81,10.39,9.56,9.02,Mercer 30,Dragonfish,RM10 SFC29,2.81,"RC20 (n,a flags)"
88,46-5,KB07,,,KBG2007-2,Mercer30-7,12 14 33.08,-62 58 51.0,298.7569,-0.4085,WN6,KB07; FNB16,,,,,,,,,,16.53,11.516,10.25,9.67,Mercer 30,Dragonfish,RM10 SFC29,3.73,"RC20 (n,e flags)"
89,46-6,KB07,,,KBG2007-1,Mercer30-8,12 14 33.90,-62 58 48.7,298.7583,-0.4076,WN7,KB07; FNB16,,,,,,,,,,16.86,11.658,10.3,9.64,Mercer 30,Dragonfish,RM10 SFC29,3.93,"RC20 (n,e flags)"
90,46-11,SM09,,,SMG09 808_14,,12 28 41.90,-63 25 46.1,300.3922,-0.6699,WCE,SMG09,,,,,,,,20.28,,16.97,12.78,11.83,10.94,,,,4.85,RC20 (n flag)
91,46-12,SM09,,,SMG09 808_23,MV09 J12285099-6317002,12 28 50.98,-63 17 00.1,300.3963,-0.5229,WN5; WN4-5; WN4b,SMG09; MV09; RC15,,,,,,,,,,18.04,13.56,12.55,11.84,,,,3,RC20 (e flag)
92,46-13,SM09,,,SMG09 807_16,,12 30 03.86,-62 50 17.1,300.4954,-0.0675,WC7,SMG09,,,,,,,,,,17.84,13.16,12.05,11.09,,,,3.58,"RC20 (n,e flags)"
93,46-14,SM09,,,SMG09 816_10,,12 38 18.75,-63 24 19.7,301.4635,-0.5711,WN5b,SMG09,,,,,,,,,,17.78,12.93,11.76,10.96,,,,0.65,RC20 (a flag)
94,47,VII,HD 311884,HIP 62115,He3 813,,12 43 50.99,-63 05 14.8,302.0734,-0.2283,WN6o+O5V; WN6o+O5.5,SSM96; FM12,SB2 (P=6.24d),"LM87,SM89,MD90,LM96,GN99; FM12",12.17,11.84,11.08,10.58,11.39,11.59,10.79,10.29,8.316,7.916,7.549,Hogg 15:,,,3.49,RC20
95,47a,VII,,,SMSNPL 5,,12 45 51.24,-64 09 38.0,302.3234,-1.2954,WN8h,SMS99,,,,17.71,15.98,,,,,13.96,10.439,9.68,9.058,,,,4.89,RC20
96,47-1,HD07,,,HDM 4,,12 46 16.13,-62 57 23.5,302.3444,-0.0907,WN6o,HD07,,,,,,,,19.6,,16.49,12.184,11.216,10.555,,,,3.45,RC20
97,47b,VII,,,SMSNPL 6,,12 48 07.60,-63 38 39.8,302.5644,-0.775,WN9h,SMS99,,,,18.98,17.05,,,17.7,,14.22,10.288,9.436,8.837,,,,5.63,"RC20 (n,e flags)"
98,47c,VII,,,SMSNPL 7,,12 52 55.67,-63 46 38.0,303.0965,-0.906,WC5; WC5ed,SMS99; W19,,,,17.49,16.09,,,16.5,,14.22,11.244,10.481,9.892,,,,6.81,RC20
99,47-2,SM09,,,SMG09 832_25,,12 55 44.24,-63 35 50.1,303.4099,-0.7295,WC5-6,SMG09,,,,,,,,,,17.77,12.48,11.12,10.22,,,,3.45,RC20 (e flag)
100,47-3,SM09,,,SMG09 856_13,,13 03 11.06,-63 42 16.4,304.2325,-0.8625,WC5-6,SMG09,,,,,,,,,,18.22,13.13,11.92,11.05,,,,1.41,RC20 (a flag)
101,47-4,SM09,,,SMG09 839_12,,13 04 50.08 ,-63 04 40.20 ,304.45,-0.25,WC5-6,SMG09,,,,,,,,,,,15.69,14,12.54,,,,,
102,48,VII,HD 113904,HIP 64094,Theta Mus,,13 08 07.14,-65 18 21.7,304.6745,-2.4907,WC6(+O9.5/B0Iab); WC6+O6-7V,"VI,Co84; HMS02","SB1, VB (P=19.14d)","MS77,SD87,SM89,Hip97,MG98,HaM99,NG99a; HMS02",,5.76,5.88,,4.65,5.619,5.662,5.58,5.571,5.566,5.434,,Cen OB1,,2.39,RC20
103,48-1,HD07,,,HDM 5,,13 10 12.06,-62 39 06.6,305.085,0.1415,WC7,HD07,,,,,,,,18.1,,15.13,11.055,10.091,9.315,,,G305 complex,2.93,RC20
104,48b,VII,,,SMSNPL 8,,13 11 27.69,-63 45 59.9,305.1427,-0.9809,WC9d,"SMS99,Co00",,,,17.03,15.96,,,,,14.15,10.99,9.78,8.578,,,,5.12,RC20
105,48-3,SM09,,,SMG09 845_34,MDM11 4,13 12 21.30 ,-62 40 12.50 ,305.33,0.1,WC8,SMG09,,,,,,,,,,16.24,10.75,9.57,8.77,,,G305 complex,,
106,48-4,SM09,,,SMG09 845_35,MDM11 6,13 12 27.65,-62 44 22.0,305.3366,0.0341,WC7; WC6,SMG09; RC15,,,,,,,,,,18.08,13.16,11.82,10.71,Danks 1:,,G305 complex,2.48,RC20 (a flag)
107,48a,VII,,,D83 1,,13 12 39.59,-62 42 55.9,305.3613,0.0561,WC8ed+?; WC8vd+WN8,HH88; Wil19,"CWB, VB? (P=32.5y?)","Wi97,Wi99,Wi02; Wil19",,18.5,16.8,,,,,13.83,8.74,6.8,5.09,Danks 1,,G305 complex,2.27,RC20
108,48-5,SM09,,,SMG09 847_8,,13 12 45.33,-63 05 52.0,305.3406,-0.3258,WN6; WN6b,SMG09; RC15,,,,,,,,,,19.43,13.06,11.34,10.26,,,,2.06,"RC20 (e,a flag)"
109,48c,VII,,,SMSNPL 9,,13 12 52.36,-63 23 45.9,305.329,-0.6241,WN3h/C4,SMS99,,,,14.37,13.98,,,,13.44,13.71,11.863,11.521,11.16,,,,2.67,RC20
110,48-2,MV09,,,DCT12 D2-3,MV09 J13125770-6240599,13 12 57.69,-62 40 59.9,305.3984,0.0853,WC8; WC7-8,MV09; DCT11 ,,,,,,,,18.8,,15.05,10.825,9.83,8.981,Danks 2,,G305 complex,3.25,RC20
111,49,VII,,,LSS 2979,Th17-22,13 13 51.30,-65 18 08.9,305.2727,-2.5327,WN5(h),SSM96,,,14.48,14.18,13.84,13.53,,,,13.24,11.891,11.568,11.209,,,,8.35,RC20
112,50,VII,,,V864 Cen,,13 18 01.03,-62 26 04.8,306.0015,0.2786,WC7+OB,SS90,SB2,"CM89,GH90,SS90,GV91,VII",13.44,13.03,12.49,11.94,12.66,12.72,11.86,11.52,9.753,9.384,8.811,,(Anon. Cen OB),,3.48,RC20
113,51,VII,,,MR45,Th17-85,13 18 23.35,-62 28 21.2,306.0403,0.2364,WN4o,SSM96,d.e.l.,"CM89,VII",16.22,15.68,14.64,13.91,,,,13.61,10.896,10.328,9.888,,(Anon. Cen OB),,3.67,RC20
114,52,VII,HD 115473,HIP 64929,,,13 18 27.90,-58 08 13.7,306.5042,4.547,WC4,SS90,,NG99a,9.91,10.15,9.86,10.01,9.09,9.71,9.25,9.05,8.411,8.206,7.555,,,,1.75,RC20
115,52-1,SM09,,,SMG09 853_9,,13 22 16.08 ,-62 30 57.40 ,306.48,0.14,WN6,SMG09,,,,,,,,18.2,,16.6,14.77,12.69,11.55,,,,,
116,52-2,SM09,,,SMG09 858_26,,13 28 15.87,-62 06 23.6,307.2247,0.4579,WN6,SMG09,,,,,,,,,,17.51,12.53,11.4,10.68,,,,2.63,RC20
117,53,VII,HD 117297,HIP 65925,,,13 30 53.24,-62 04 51.9,307.532,0.4378,WC8; WC9; WC8d,SS90; CDB98; WH00,,,11.66,11.3,10.88,10.97,10.81,11.11,10.77,10.26,8.745,7.915,6.835,,,,4.14,RC20
118,54,VII,,,MR48,Th17-89,13 32 43.74,-65 01 27.9,307.2753,-2.5015,WN5o,SSM96,,,,13.45,12.99,,,,,12.35,10.851,10.48,10.094,,,,6.52,RC20
119,55,VII,HD 117688,HIP 66142,,,13 33 30.10,-62 19 01.2,307.7959,0.1568,WN7o,SSM96,,MMH98,,11.27,10.87,,8.69,10.84,10.39,10.23,8.774,8.489,8.005,,,,3,RC20
120,56,VII,,,LS 8,,13 33 45.37,-64 07 31.3,307.5295,-1.632,WC7,HH88,,,14.53,14.31,13.87,13.74,,,,13.18,,,,,,,8.67,RC20
121,56a,VII,,,SMSNPL 10,,13 41 14.01,-60 53 54.0,308.9519,1.3901,WN6o,SMS99,,,,17.23,15.91,,,,,14.13,,,,,,,4.36,RC20
122,57,VII,HD 119078,HIP 66948,,,13 43 16.35,-67 24 05.1,307.8945,-5.0304,WC8,SS90,,,10.17,10.12,10.02,10.29,9.11,9.8,9.64,9.52,9.088,8.752,8.01,,,,5.5,RC20
123,58,VII,,,LSS 3162,,13 49 04.47,-65 41 56.2,308.8207,-3.4883,WN4b/CE,SSM96,,,13.68,13.62,13.05,12.79,12.74,13.11,12.77,12.53,11.304,10.984,10.541,,,,5.88,RC20
124,59,VII,,,LSS 3164,,13 49 32.55,-61 31 42.3,309.7997,0.5661,WC9d,HH88,,,,15.14,13.9,13.4,12.09,11.99,11.69,12.04,8.795,7.709,6.609,,,,3.57,RC20
125,59-1,SM09,,,SMG09 883_18,,13 52 02.36 ,-62 26 46.00 ,309.88,-0.39,WCE,SMG09,,,,,,,,,,,14.59,12.41,10.99,,,,,
126,59-2,SM09,,,SMG09 885_11,,13 54 13.43,-61 50 01.9,310.2689,0.1402,WC5-6,SMG09,,,,,,,,,,19.32,13.6,12.07,10.86,,,,1.65,"RC20 (e,a flag)"
127,60,VII,HD 121194,,,,13 55 48.44,-61 09 48.5,310.6155,0.7444,WC8,VI,,,14.92,14.29,13.25,12.51,14.34,13.72,12.17,11.43,,,,,,,3.51,RC20
128,60-1,SM09,,,SMG09 897_5,,14 10 10.01 ,-61 15 25.50 ,312.25,0.18,WC8,SMG09,,,,,,,,,,,15.3,12.43,10.6,,,,,
129,61-1,MV09,,,,MV09 J14212314-6018041,14 21 23.13,-60 18 04.1,313.8558,0.6489,WN6,MV10,,,,,,,,,,16.93,11.68,10.425,9.619,,,,3.88,"RC20 (n,e flags)"
130,60-2,SM09,,,SMG09 903_15c,,14 12 36.53,-61 45 32.8,312.3775,-0.385,WC8; WC8d,SMG09; W19,,,,,,,,,,20.26,13.58,11.33,9.71,,,,2.09,"RC20 (n,a flags)"
131,61,VII,,HIP 69445,CF Cir,,14 13 03.51,-65 26 52.8,311.2814,-3.908,WN5o,SSM96,,,12.8,12.77,12.41,12.24,11.93,12.51,12.32,12.03,10.958,10.666,10.351,,,,5.49,RC20
132,61-2,SM09,,,SMG09 907_18,,14 16 27.37 ,-61 17 56.20 ,312.96,-0.09,WN5b,SMG09,,,,,,,,,,,13.6,11.39,10.01,,,,,
133,62,VII,,,NS 2,,14 31 06.13,-61 20 59.7,314.5864,-0.7539,WN6b,SSM96,,,16.63,15.82,14.22,,,,,12.4,9.108,8.347,7.752,,,,4.28,RC20
134,62a,VII,,,SMSNPL 11,,14 32 37.69,-61 29 54.2,314.6993,-0.9603,WN4-5o; WN5+O5.5-6; WN6o,SMS99; CGB13; RC17,SB2 (P=9.1d),CGB13,,15.04,13.8,,,,,12.22,,,,,,,3.5,RC20
135,62b,VII,,,SMSNPL 12,,14 46 40.84,-61 06 57.1,316.3965,-1.2935,WN5o,SMS99,,,,19.03,17.26,,,,,15.24,,,,,,,5.5,RC20
136,63,VII,,,LSS 3289,,14 50 58.31,-59 51 26.70,317.42,-0.39,WN7o+OB,SSM96,"a, d.e.l.","CM89,SS96,VII",14.96,14.1,12.83,11.9,14.37,13.87,12.34,10.8,8.595,8.07,7.637,,,,,
137,64,VII,,,BS 3,,14 56 55.18,-55 50 58.6,319.9447,2.8212,WC7,VI,,,,15.73,15.57,,,,,14.31,12.498,12.031,11.329,,,,7.98,RC20
138,64-1,SM09,,,SMG09 956_25,,15 01 30.11 ,-59 16 12.00 ,318.88,-0.49,WN4b,SMG09,,,,,,,,,,,13.84,11.83,10.64,,,,,
139,65,VII,,,WRAY 15-1297,,15 13 41.70,-59 11 45.0,320.2643,-1.1978,WC9d+OB?; WC9vd+OB,VI; Wil19,d.e.l. Var dust (P~4.8yr),"CM89,SS90,VII; Wil19",16.85,15.91,14.5,13.29,16.25,15.59,13.66,12.18,,,,,(Cir OB1),,3.13,RC20
140,66,VII,HD 134877,HIP 74634,,,15 14 57.71,-59 50 30.2,320.0657,-1.8331,WN8(h),SSM96,"no d.e.l., SB1?, VB","CM89,AB95,RG96,Hip97,MMH98,VII",12.81,12.39,11.66,11.13,12.23,12.26,11.38,10.91,8.928,8.481,8.148,,(Cir OB1),,5.18,"RC20 (n,a flags)"
141,67,VII,,,LSS 3329,,15 15 32.62,-59 02 30.7,320.547,-1.1899,WN6o,SSM96,d.e.l.,"CM89,VII",13.32,12.99,12.12,11.61,12.61,12.62,11.88,11.05,9.278,8.858,8.452,Pismis 20:,Cir OB1:,,2.23,RC20
142,67-1,R11a,,,WR67a,,15 16 36.95,-58 09 58.8,321.1257,-0.5182,WN6h,R11a,,,,,,,,16.25,14.75,13.45,9.86,9.18,8.82,,,,3.36,RC20
143,67-2,R11a,,,WR67b,,15 17 46.29,-57 56 59.3,321.3699,-0.4152,WC8; WC7,R11a; RC15,,,,,,,,19.35,17.25,15.41,10.34,9.26,8.46,,,,2.17,"RC20 (e,a flags)"
144,68,VII,,,BS 4,,15 18 20.75,-59 38 17.4,320.5355,-1.8849,WC7,VI,,,,15.06,14.09,,14.83,14.33,13.71,12.53,9.898,9.385,8.749,,(Cir OB1),,4.93,RC20
145,68-1,SM09,,,SMG09 979_11,,15 20 35.91,-57 27 12.0,321.9546,-0.1976,WN4b,SMG09,,,,,,,,,,20.74,13.88,12.15,11.06,,,,1.88,"RC20 (n,a flags)"
146,68a,VII,,,SMSNPL 13,,15 23 16.60,-57 44 19.9,322.1007,-0.6323,WN6o+O5.5-6; WN6o,SMS99; CGB15; RC17,SB2 (P=5.22d),CGB15,,15.87,14.41,,,,,12.69,9.588,9.02,8.617,,,,3.97,RC20
147,69,VII,HD 136488,HIP 75377,,,15 24 11.30,-62 40 37.6,319.4777,-4.8201,WC9d+OB,WH00,SB2,"MMH98,NG99a,WH00",,9.57,9.43,,9.1,9.55,9.24,9.01,7.955,7.278,6.403,,,,3.48,RC20
148,70,VII,HD 137603,HIP 75863,,,15 29 44.68,-58 34 51.3,322.3396,-1.8068,WC9vd+B0I,"Ni95, Wil19",SB2 (P=2.8yr?),"Go87,SM89,Ni95,Wi97,NG99a,Wi02; Wil19",11.79,11.06,10.1,9.48,11.11,11.02,9.78,9.2,7.067,6.557,5.744,,,,3.01,RC20
149,70-1,MV09,,,WM10 9,MV09 J15352652-5604123,15 35 26.52,-56 04 12.4,324.4138,-0.1963,WN7,MV09,,,,,,,,,,19.93,13.84,12.39,11.457,,,,1.93,"RC20 (e,a flags)"
150,70-3,SM09,,,SMG09 1011_24,,15 43 04.66,-55 11 12.8,325.8054,-0.1277,WC8; WC7,SMG09; RC15,,,,,,,,19.93,17.31,15.34,10.96,9.94,9.06,,,,2.36,RC20
151,70-4,WM10,,,WM10 10,,15 45 59.14,-53 32 32.50,327.14,0.92,WN9h,WM10,,,,,,,,,,,14.576,12.217,10.874,,,,,
152,70-5,WM10,,,WM10 11b,,15 48 42.10,-55 07 54.3,326.4734,-0.5773,WC9,WM10,,,,,,,,,,16.44,11.185,9.708,8.49,,,,1.95,RC20
153,70a,VII,,,SMSNPL 14,,15 59 25.28,-54 12 42.8,328.254,-0.8543,WN6o,SMS99,,,,18.13,16.9,,,,,14.42,,,,,,,3.99,RC20
154,70-2,MV09,,,,MV09 J15595671-5159299,15 59 56.71,-51 59 30.0,329.7603,0.7787,WN5-6b; WN5b,MV10; RC15,,,,,,,,,,16.76,10.875,9.523,8.659,,,,3.66,"RC20 (n,e,a flags)"
155,71,VII,HD 143414,HIP 78689,,,16 03 49.33,-62 41 36.1,323.0814,-7.6132,WN6o,SSM96,"d.e.l., SB2?","LM87,CM89,SS96,MMH98,VII",10.01,10.18,10.23,10.22,9.34,10.05,10.11,9.89,9.48,9.306,9.088,,,,3.19,RC20
156,72-1,HD07,,,HDM6,,16 11 39.26,-52 05 45.9,331.0313,-0.5007,WC9,HD07,,,,,,,,18.3,,14.26,10.161,9.251,8.464,,,G331.134-0.484,3,RC20
157,72-2,SM09,,,SMG09 1053_27,,16 11 43.70,-51 10 16.7,331.6707,0.1674,WC8,SMG09,,,,,,,,,,16.2,10.26,8.97,8.1,,,,2.79,"RC20 (n,a flags)"
158,73,VII,,,NS 3,,16 12 37.47,-46 37 36.9,334.8886,3.3816,WC9d,HH88,,,,16.43,15.2,14.81,,,,13.58,10.318,8.793,7.468,,,,6.81,RC20 (e flag)
159,73-1,SM09,,,SMG09 1059_34,,16 14 37.23 ,-51 26 26.30 ,331.81,-0.34,WC8; WC7,SMG09; RC15,,,,,,,,,,,15.05,12.79,11.57,,,,,
160,74,VII,,,BP 1,,16 16 13.79,-51 36 41.8,331.8773,-0.6352,WN7o,SSM96,,,,15.56,13.98,13.02,,,,12.6,9.727,9.224,8.798,,(Nor OB4),,3.98,RC20
161,75,VII,HD 147419,,TYC 8324 3694,,16 24 26.22,-51 32 06.1,332.8376,-1.478,WN6b,SSM96,,,12.11,11.94,11.23,10.77,,11.46,10.85,10.43,8.601,8.244,7.837,,(Nor OB4),,3.32,RC20
162,75-1,SM09,,,SMG09 1081_21,,16 24 58.87,-48 56 52.5,334.7454,0.2718,WC8,SMG09,,,,,,,,18.5,,19.31,13.28,11.76,10.73,,,,2.17,"RC20 (n,e,a flags)"
163,75a,VII,,,SMSNPL 15,,16 26 37.23,-50 19 23.0,333.9456,-0.8779,WC9,SM99,,,,16.04,14.51,,,17.1,,13.62,9.963,9.183,8.5,,,,3.14,RC20
164,75aa,VIIA,,,HBD 1,SHS J162620.2-455946,16 26 20.14,-45 59 45.8,337.0196,2.1682,WC9d; WC9vd,HBD05; RC17; W19,,,,,,,,17.5,,15.25,12.027,10.732,9.459,,,,4.88,RC20
165,75b,VII,,,SMSNPL 16,,16 28 17.23,-48 17 40.8,335.5947,0.334,WC9,SM99,,,,17.8,16.09,,,,,13.56,,,,,,,1.69,RC20
166,75-2,SM09,,,SMG09 1093_34,,16 31 29.23 ,-47 56 16.40 ,336.22,0.19,WC8,SMG09,,,,,,,,,,,15.56,12.86,11.32,,,,,
167,75-3,SM09,,,SMG09 1093_33,,16 31 49.06 ,-47 56 04.40 ,336.26,0.15,WC8,SMG09,,,,,,,,,,,15.11,12.86,11.47,,,,,
168,75-4,SM09,,,SMG09 1093_53,WM10 16,16 32 12.98 ,-47 50 35.80 ,336.37,0.17,WN5b,SMG09,,,,,,,,,,,15,12.7,11.34,,,,,
169,75ab,VIIA,,,PCG 1,,16 33 48.73,-49 28 44.1,335.3548,-1.139,WN7h,CPG05,,,,,,,,,,13.56,10.218,9.29,8.91,,,,3.79,RC20
170,75c,VIIA,,,HBD 2,SHS J163403.6-434025,16 34 03.58,-43 40 24.9,339.6505,2.7676,WC9,HBD05; RC17,,,,,,,,16.5,,14.2,11.625,11.123,10.522,,,,7.15,RC20 (e flag)
171,75d,VIIA,,,HBD 3,SHS J163417.5-460852,16 34 17.44,-46 08 53.1,337.8571,1.061,WC9; WC9vd,HBD05; W19,,,,,,,,17.1,,14.26,10.977,9.883,9.118,,,,3.57,RC20
172,75-5,SM09,,,SMG09 1096_22,SFZ12 1095-98L,16 35 23.21,-48 09 16.2,336.51,-0.43,WC8,"SMG09, SFZ12",,,,,,,,,,,14.9,12.77,11.43,,,,,
173,76,VII,,,LSS 3693,,16 40 05.25,-45 41 12.7,338.8755,0.6226,WC9d,HH88,,,,16.58,15.46,,,,,13.06,8.46,6.51,4.88,,,G338.8+0.6/RM10 SFC40?,3.65,RC20 (e flag)
174,77,VII,,,He3-1239,,16 41 19.25,-48 01 59.2,337.2575,-1.0896,WC8+OB,CV90,"a, d.e.l.","CM89,CV90,SS90,VII",14.95,13.61,13,12.63,14.13,13.56,12.67,12.36,,,,,(Ara OB1b),,2.85,RC20
175,77-1,MV09,,,,MV09 J16441069-4524246,16 44 10.68,-45 24 24.6,339.5581,0.2686,WN7; WN7b,MV10; RC15,,,,,,,,19.1,,14.79,10.062,9.002,8.291,,,,2.71,RC20 (e flag)
176,77aa,VIIA,,,NC-T,HBD 4,16 46 46.28,-45 47 58.3,339.5555,-0.3314,WC9d,"HBD05, CH06",,,,,,,,,,14.98,10.04,8.214,6.725,Westerlund 1,,,2.53,RC20
177,77-2,MV09,,,,MV09 J16465342-4535590,16 46 53.42,-45 35 59.0,339.7212,-0.2178,WN7,MV10,,,,,,,,,,16.11,10.751,9.525,8.729,,,,2.66,RC20 (e flag)
178,77a,VIIA,,,NC-Q,,16 46 55.53,-45 51 34.5,339.5268,-0.3905,WN6o,CH06,,,,,,,,,,16.82,11.72,10.67,10,Westerlund 1,,,2.72,RC20 (e flag)
179,77b,VIIA,,,NC-N,,16 46 59.91,-45 55 25.7,339.4865,-0.442,WC9d,CH06,,,,,,,,,,15.23,9.691,7.842,6.407,Westerlund 1,,,3,"RC20 (n,e,a flags)"
180,77c,VIIA,,,NC-I,,16 47 00.88,-45 51 20.6,339.5402,-0.4001,WN8o,CH06,,,,,,,,,,16.32,10.89,9.57,8.86,Westerlund 1,,,2.94,RC20 (e flag)
181,77d,VIIA,,,NC-P,Wd1-57c,16 47 01.59,-45 51 45.3,339.5363,-0.4061,WN7o,CH06,,,,,,,,,,16.23,11.06,9.83,9.26,Westerlund 1,,,2.67,RC20 (e flag)
182,77e,VIIA,,,NC-J,,16 47 02.47 ,-45 51 00.10,339.547,-0.4,WN5h,CH06,,,,,,,,,,,11.7,10.3,9.7,Westerlund 1,,,5,CH06
183,77f,VIIA,,,NC-S,Wd1-5,16 47 02.97,-45 50 19.8,339.557,-0.3938,WN10-11h,CH06,,,,,,,,21.552,17.792,14.46,9.81,8.8,8.29,Westerlund 1,,,2.38,RC20
184,77g,VIIA,,,NC-K,,16 47 03.25,-45 50 43.80 ,339.552,-0.399,WC8,CH06,,,,,,,,,,,11.81,10.4,9.53,Westerlund 1,,,5,CH06
185,77h,VIIA,,,NC-V,,16 47 03.80,-45 50 38.8,339.5545,-0.399,WN8o,CH06,,,,,,,,,,15.8,10.75,9.42,8.76,Westerlund 1,,,1.72,RC20
186,77i,VIIA,,,NC-M,Wd1-66,16 47 03.96,-45 51 37.7,339.5423,-0.41,WC9d,CH06,,,,,,,,,,15.98,10.13,7.64,6.9,Westerlund 1,,,2.28,RC20
187,77j,VIIA,,,NC-G,,16 47 04.01,-45 51 25.1,339.5451,-0.4078,WN7o,CH06,,,,,,,,,20.87,16.75,11.36,9.97,9.28,Westerlund 1,,,3.21,"RC20 (n,a flags)"
188,77k,VIIA,,,NC-L,Wd1-44,16 47 04.19,-45 51 07.40,339.549,-0.405,WN9h,CH06,,,,,,,,22.6,18.86,15.61,9.08,7.72,7.19,Westerlund 1,,,5,CH06
189,77l,VIIA,,,NC-H,,16 47 04.22,-45 51 20.20,339.546,-0.407,WC9d,CH06,,,,,,,,,,15.537,10.31,8.56,7.38,Westerlund 1,,,5,CH06
190,77m,VIIA,,,NC-C,,16 47 04.41,-45 51 03.7,339.5504,-0.4048,WC9d,NC05,,,,,,,,,,16.8,11.26,9.51,8.23,Westerlund 1,,,2.62,"RC20 (n,e,a flags)"
191,77n,VIIA,,,NC-F,Wd1-241,16 47 05.21,-45 52 25.0,339.5346,-0.4212,WC9d,CH06,,,,,,,,21.7,17.86,14.83,9.85,7.97,7.28,Westerlund 1,,,2.72,RC20 (e flag)
192,77o,VIIA,,,NC-B,Wd1-14c,16 47 05.37,-45 51 04.9,339.5519,-0.4072,WN7o,CH06,,,,,,,,,20.99,16.48,10.91,9.79,9.18,Westerlund 1,,,3.15,"RC20 (n,e flags)"
193,77p,VIIA,,,NC-E,,16 47 06.06,-45 52 08.3,339.5398,-0.4201,WC9,CH06,,,,,,,,,18.379,15.01,10.12,9.09,8.29,Westerlund 1,,,0.3,RC20 (a flag)
194,77q,VIIA,,,NC-R,,16 47 06.10,-45 50 22.5,339.5619,-0.401,WN5o,CH06,,,,,,,,,,16.94,10.91,9.79,9.18,Westerlund 1,,,2.25,RC20 (e flag)
195,77r,VIIA,,,NC-D,,16 47 06.25,-45 51 26.5,339.549,-0.4131,WN7o,CH06,,,,,,,,,,17.53,11.92,10.84,10.26,Westerlund 1,,,3.06,"RC20 (n,a flags)"
196,77s,VIIA,,,NC-U,GDTB 1,16 47 06.54,-45 50 39.1,339.5616,-0.4103,WN6o,CH06,,,,,,,,,19.69,16.26,,,,Westerlund 1,,,1.93,RC20
197,77sa,VIIA,,,NC-W,GDTB 3,16 47 07.62,-45 49 22.1,339.5779,-0.3937,WN6h,CH06,,,,,,,,,,18.15,12.233,10.422,10.167,Westerlund 1,,,2.54,"RC20 (e, a flags)"
198,77sb,VIIA,,,NC-O,,16 47 07.66,-45 52 36.0,339.5369,-0.4286,WN6o,CH06,,,,,,,,,,16.07,11.63,8.814,8.332,Westerlund 1,,,2.52,RC20 
199,77sc,VIIA,,,NC-A,Wd1-72,16 47 08.35,-45 50 45.5,339.5616,-0.4103,WN7b,CH06,,,,,,,,,19.69,15.84,,,,Westerlund 1,,,2.68,RC20 (e flag)
200,77sd,VIIA,,,NC-X,GDTB 2,16 47 14.14,-45 48 32.0,339.6008,-0.3991,WN5o,CH06,,,,,,,,,,18.11,12.362,11.079,9.99,Westerlund 1,,,1.72,RC20 (a flag)
201,77t,VIIA,,,HBD 5,SHS J165057.6-434028,16 50 57.63,-43 40 27.8,341.6612,0.4658,WC9d; WC9vd,"HBD05, CH06; Wil19",Var dust (P=1.26yr),Wil,,,,,,,,15.27,10.647,9.414,8.318,,,,2.68,RC20 
202,78,VII,HD 151932,HIP 82543,HR 6249,,16 52 19.25,-41 51 16.3,343.2239,1.4317,WN7h,SSM96,eclipse?,"BE89,MMH98,NG99a",,6.82,6.61,,6.12,6.76,6.48,6.28,5.441,5.269,4.978,(NGC 6231),Sco OB1:,,1.25,RC20
203,79,VII,HD 152270,HIP 82706,HR 6265,,16 54 19.70,-41 49 11.6,343.4873,1.1639,WC7+O5-8,VI,"SB2, VB (P=8.89d)","SD87,SM89,LM96,MMH98,HaM99,NG99a; HMS00",,6.96,6.95,,6.32,6.83,6.6,6.54,5.963,5.81,5.389,NGC 6231:,Sco OB1,,1.37,RC20
204,79a,VII,HD 152408,HIP 82775,HR 6272,,16 54 58.50,-41 09 03.1,344.0836,1.4909,WN9ha; O8Iafpe,BoC99; Wal72,VB,"MG98,MMH98",,5.44,5.29,,5.18,5.98,5.81,5.67,5.148,5.09,4.904,NGC 6231:.,Sco OB1,,2.02,RC20
205,79b,VII,HD 152386,,TYC 7880 313 1,,16 55 06.45,-44 59 21.4,341.1133,-0.9408,WN9ha; O6:Iafpe,BoC99; SMM14,VB,MG98,,8.87,8.32,,8.16,8.66,8.14,7.92,6.764,6.617,6.475,,,,5.32,RC20 (n flag)
206,80,VII,,,LS 3871,WRAY 15-1581,16 59 02.19,-45 43 10.1,340.973,-1.9357,WC9d,VI,,,,16.23,14.63,14.05,,,,13.27,,,,,,,3.5,RC20
207,81,VII,,,He3-1316,WRAY 15-1597,17 02 40.38,-45 59 15.5,341.1506,-2.6001,WC9,WH00,,,14.82,13.81,12.71,12.04,,,,11.07,8.294,7.756,7.116,,,,2.11,RC20
208,82,VII,,,He3-1318,LS 11,17 04 04.63,-45 12 15.1,341.9225,-2.3184,WN7(h),SSM96,,AB95,13.63,13.26,12.41,11.83,12.95,12.97,12.21,11.59,9.475,9.043,8.692,,,,3.74,RC20
209,83,VII,,,He3-1344,WRAY 15-1630,17 10 54.63,-46 36 00.6,341.5145,-4.106,WN5o,SSM96,,,13.86,13.59,12.8,12.43,,,,12.07,10.264,9.889,9.528,,,,3.8,RC20
210,84,VII,,,LSWR 12,WRAY 15-1634,17 11 21.70,-39 53 22.0,346.9824,-0.2077,WN7o,SSM96,,,15.28,14.66,13.6,12.78,,,,12.13,,,,,,,3.01,RC20
211,85,VII,HD 155603B,,LSS 3982,TYC 7874 1219,17 14 27.12,-39 45 47.1,347.4334,-0.6135,WN6h,SSM96,"d.e.l., VB","HH88,CM89,Hip97,VII",11.37,11.17,10.6,10.21,10.64,10.96,10.4,10.03,8.2,7.943,7.475,,,,1.99,DR20
212,86,VII,HD 156327,HIP 84655,,,17 18 23.06,-34 24 30.60,352.25,1.85,WC7 (+B0III-I),NS98,"SB1?, VB","JB63,HH88,ML88,CM89,SS90,GV91,NS98,NG99a,VII",10.47,10.06,9.63,9.36,9.83,10.1,9.29,,7.436,7.136,6.666,,,,,
213,87,VII,,,He3-1370,LSS 4064,17 18 52.87,-38 50 03.6,348.6869,-0.7737,WN7h+abs,SSM96,"a, d.e.l.","CM89,VII",15.12,14.08,12.5,11.44,13.93,13.55,11.96,10.88,7.981,7.452,7.085,HM 1,(Anon. Sco OB),,2.91,RC20
214,88,VII,,,THA 10-13,WRAY 15-1668,17 18 49.73,-33 57 41.4,352.6698,2.0345,WC9,WH00,,,15.02,14.25,13.25,12.44,,,,11.75,9.033,8.564,8.052,,(Anon. Sco OB),,3.44,RC20
215,89,VII,,HIP 84716,He3-1371,LSS 4065,17 19 00.52,-38 48 51.3,348.7176,-0.7825,WN8h+abs,SSM96,"a, d.e.l., VB","CM89,Hip97,VII",13.62,12.72,11.5,10.54,13.01,12.5,11.03,10.11,7.385,6.963,6.578,HM 1,Anon. Sco OB,,2.9,RC20
216,90,VII,HD 156385,HIP 84757,He3-1373,,17 19 29.90,-45 38 23.9,343.1641,-4.7627,WC7,VI,,NG99a,,7.33,7.45,7.48,6.54,7.17,6.96,6.75,6.251,6.09,5.52,,,,1.15,RC20
217,91,VII,,,StSa 1,,17 20 22.02,-38 56 48.4,348.7604,-1.0751,WN7b,SSM96,,,,17.26,15.76,14.3,,,,13.24,9.532,8.765,8.199,,,RCW 121,4.04,RC20
218,91-1,SM09,,,SMG09 1222_15,,17 22 40.74 ,-35 04 52.90 ,352.2,0.74,WC8; WC7; WC7ed,SMG09; RC15; W19,,,,,,,,,,,15.11,12.05,10.33,,,,,
219,92,VII,HD 157451,,He3-1399,TYC 7895 1089,17 25 23.28,-43 29 31.5,345.5373,-4.42,WC9,WH00,,,10.71,10.5,10.43,10.5,10,10.62,10.33,10.12,9.503,9.222,8.822,,,,3.78,RC20
220,93,VII,HD 157504,,THA 10-19,,17 25 08.85,-34 11 12.6,353.2272,0.8293,WC7+O7-9,HH88,SB2?,"LS84,LT84,CM89,SS90,VII",13.48,12.58,11.46,10.55,12.8,12.1,10.68,9.84,7.036,6.533,5.865,(Pismis 24),,,1.76,RC20
221,93a,VII,,,TH3-28,PK 359+03 1,17 30 56.80,-26 59 11.0,359.9185,3.7803,WN2.5-3; WN6; WN6h,AS90; Mis13; RC17,,,,13.9,13.9,,,18.7,,17.58,13.883,13.221,12.717,,,,4.41,RC20 (e flag)
222,93b,VIIA,,,DBU 1,,17 32 03.31,-35 04 32.7,353.2744,-0.846,WO3,DBU04,,,,,,,,16.9,,14.58,11.331,10.555,10.17,,,,2.29,RC20
223,94,VII,HD 158860,,He3-1420,,17 33 07.07,-33 38 23.4,354.5973,-0.246,WN5o,SSM96,,,,13.01,12.27,,,,,9.87,7.091,6.188,5.913,,,,0.95,RC20
224,95,VII,,,He3-1434,WRAY 16-292,17 36 19.89,-33 26 12.3,355.1307,-0.6989,WC9d,VI,,,16.62,15.29,14,13.35,16.01,15.15,13.38,11.98,8.29,6.67,5.27,Trumpler 27,,,2.07,RC20
225,96,VII,,,He3-1435,WRAY 15-1736,17 36 24.45,-32 54 31.5,355.5843,-0.4281,WC9d,HH88,,,,15.15,14.14,,,,,12.47,,,,,,,2.64,RC20
226,97,VII,HDE 320102,HIP 86197,He3-1439,,17 36 53.62,-34 02 36.8,354.6819,-1.1238,WN5b+O7,SSM96,SB2 (P=12.6d),"SM89,NC95,NR96,LM96,MMH98",12.3,11.82,11.14,10.62,11.51,11.73,10.85,10.39,8.502,8.215,8.009,,,,2.15,RC20
227,98,VII,HDE 318016,,He3-1441,,17 37 13.74,-33 27 56.0,355.2071,-0.8723,WN8o/C7,SSM96,SB1,"Ni91,MMEv98",,13.59,12.51,,13.71,13.22,11.85,10.9,8.091,7.548,7.045,Trumpler 27,,,1.96,RC20
228,98a,VII,,,IRAS 17380-3031,,17 41 13.04,-30 32 30.4,358.1318,-0.0297,WC8-9vd+?,CH91; Wil19,"CWB, Var dust (P=1.54y)","WC95,Mo99,MT99,TMD02,Wi02; Wil19",,19.7,19.7,,,,,15.46,9.14,6.51,4.33,,,,1.26,RC20 (a flag)
229,100,VII,HDE 318139,,He3-1455,,17 42 09.76,-32 33 24.9,356.5268,-1.265,WN7b,SSM96,,,,14.61,13.44,,,,,11.75,8.846,8.272,7.715,,,,3.55,RC20
230,100-2,MC10,,,MC10 2,,17 45 06.91,-29 12 02.1,359.717,-0.044,WC9?d,MC10,,,,,,,,,,,16.842,13.526,11.112,,,,,
231,100-1,MM10,,,,CXOGC J174508.9-291218,17 45 08.90,-29 12 18.00,359.72,-0.05,WN7; WN7b,MM10; RC15,,,,,,,,,,,15.12,12.61,11.08,,,,,
232,101,VII,,,DA 3,,17 45 09.01,-31 50 15.9,357.4708,-1.4261,WC8,HH88,,,,17.9,16.4,,,,,13.19,9.623,8.779,7.886,,,,2.28,RC20
233,101-7,MC10,,,MCD10 4,,17 45 09.74,-29 14 14.6,359.691,-0.072,WC9?d,MC10,,,,,,,,,,,15.555,13.019,11.14,,,,,
234,101-2,MM10,,,,CXOGC J174516.1-284909,17 45 16.10,-28 49 09.0,0.0597,0.127,WN9,MM10,,,,,,,,,,,11.49,9.172,7.888,,,,,
235,101-3,MM10,,,,CXOGC J174516.7-285824,17 45 16.70,-28 58 24.00,359.93,0.04,WN7-8h; WN8o,MM10; RC15,,,,,,,,,,,16.67,13.08,11.09,,,,,
236,101-4,MM10,,,,CXOGC J174519.1-290321,17 45 19.16 ,-29 03 21.78,359.86,-0.01,WC9d,MM10,,,,,,,,,,,17.1,13.3,10.4,,,,,
237,101-8,MC10,,,MDC10 3,,17 45 21.85,-29 11 59.5,359.746,-0.09,WC9,MC10,,,,,,,,,,,,14.672,12.703,,,,,
238,101-5,MM10,,,,CXOGC J174522.6-285844,17 45 22.60,-28 58 44.00,359.94,0.02,WN5-6b; WN6b,MM10; RC15,,,,,,,,,,,,15.21,12.22,,,,,
239,101-6,MM10,,,,CXOGC J174528.6-285605,17 45 28.60,-28 56 05.00,359.98,0.03,WN8-9h,MM10,,,,,,,,,,,14.46,11.46,9.72,,,,,
240,101-9,MC10,,,MDC10 8,,17 45 32.48,-29 04 58.2,359.866,-0.062,WC9,MC10,,,,,,,,,,,,14.621,12.016,,,,,
241,101-1,ME06,,,Edd-1,CXOGC J174536.1-285638,17 45 36.12,-28 56 38.70,359.99,-0.001,WN8-9h; WN9h,MM10; RC15,,,,,,,,,,,15.55,12.26,10.42,,,,,
242,101a,VII,,,BSD 1,PGM06 E82,17 45 39.382,-29 00 33.43,359.942,-0.045,WC9; WC8-9,BSD95; PGM06,,,,,,,,,,,,,12.98,Galactic Center,,,8,Re93
243,101b,VII,,,AF-NW,PGM06 E74,17 45 39.458,-29 00 31.67,359.942,-0.045,WN9-11; WN8,KGE95; PGM06,,,,,,,,,,,,,11.83,Galactic Center,,,8,Re93
244,101c,VII,,,AF,PGM06 E79,17 45 39.541,-29 00 35.01,359.942,-0.046,WN9-11; Ofpe/WN9,KGE95; PGM06,,,,,,,,,,,,,10.98,Galactic Center,,,8,Re93
245,101d,VII,,,KGE 3,GC IRS 6E,17 45 39.643,-29 00 27.33,359.944,-0.045,WC9,KGE95,,,,,,,,,,,,,9.55,Galactic Center,,,8,Re93
246,101da,VIIA,,,,PGM1 E60,17 45 39.708,-29 00 29.75,359.943,-0.045,WN7?,PGM06,,,,,,,,,,,,,12.6,Galactic Center,,,8,Re93
247,101db,VIIA,,,GC IRS 34W,PGM 2 E56,17 45 39.731,-29 00 26.51,359.944,-0.045,Ofpe/WN9,PGM06,,,,,,,,,,,,,11.6,Galactic Center,,,8,Re93
248,101dc,VIIA,,,GC IRS 7SW,PGM06 E66,17 45 39.739,-29 00 23.17,359.945,-0.044,WN8-9; WN8,MES05; PGM06,,,,,,,,,,,,,12,Galactic Center,,,8,Re93
249,101dd,VIIA,,,GC IRS 34NW,PGM 3 E61,17 45 39.756,-29 00 25.25,359.944,-0.045,WN7,PGM06,,,,,,,,,,,,,12.8,Galactic Center,,,8,Re93
250,101de,VIIA,,,GC IRS 13E5,MPS 1,17 45 39.78,-29 00 29.65,359.943,-0.046,NOT WCLd,"MPS04, FGD10",,,,,,,,,,,,,11.9,Galactic Centre,,,8,Re93
251,101df,VIIA,,,GC IRS 13E3B,MPS 2,17 45 39.79,-29 00 29.59,359.943,-0.046,NOT WCLd,"MPS04, FGD10",,,,,,,,,,,,,13.07,Galactic Center,,,8,Re93
253,101dh,VIIA,,,GC IRS 13E3A,PGM06 E49,17 45 39.796,-29 00 29.63,359.943,-0.046,NOT WCLd,MPS04; PGM06; FGD10,,,,,,,,,,,,,13,Galactic Center,,,8,Re93
254,101di,VIIA,,,GC IRS 13E4,PGM06 E48,17 45 39.797,-29 00 29.52,359.943,-0.046,WC8-9; WC9,MPS04; PGM06,,,,,,,,,,,,,11.7,Galactic Center,,,8,Re93
255,101f,VII,,,GC IRS 7W,PGM06 E68,17 45 39.853,-29 00 22.11,359.945,-0.045,WN9-10; WC9,KGE05; PGM06,,,,,,,,,,,,,10.8,Galactic Center,,,8,Re93
256,101ea,VIIA,,,GC IRS 13E3c,EML 1,17 45 39.808,-29 00 29.48,359.943,-0.046,NOT WCLd,EML04; FGD10,,,,,,,,,,,,,12.49,Galactic Center,,,8,Re93
257,101e,VIIa,,,GC IRS 13E2,PGM06 E51,17 45 39.801,-29 00 29.84,359.944,-0.046,WN9-10+?; WN8,KGE05; PGM06,,,,,,,,,,,,,10.8,Galactic Center,,,8,Re93
258,101fa,VIIA,,,GC IRS 3E,PGM06 E58,17 45 39.868,-29 00 24.30,359.945,-0.045,WC5-6d,HET04; PGM06,,,,,,,,,,,,,15,Galactic Center,,,8,Re93
259,101g,VII,,,GC IRS 29N,PGM06 E31,17 45 39.918,-29 00 26.69,359.944,-0.045,WC9,KGE95,,,,,,,,,,,,,10,Galactic Center,,,8,Re93
260,101h,VII,,,GC IRS 29N1,PGM06 E35,17 45 39.965,-29 00 26.04,359.945,-0.046,WC9; WC8-9,KGE95; PGM06,,,,,,,,,,,,,11.7,Galactic Center,,,8,Re93
261,101i,VII,,,GC IRS 15SW,PGM06 E83,17 45 39.92,-29 00 18.08,359.947,-0.044,WN9-11; WN8-WC9,KGE95; PGM06,,,,,,,,,,,,,12,Galactic Center,,,8,Re93
262,101j,VII,,,GC IRS 16NW,PGM06 E19,17 45 40.042,-29 00 26.89,359.944,-0.046,WN9-11; Ofpe/WN9,KGE95; PGM06,,,,,,,,,,,,,10,Galactic Center,,,8,Re93
263,101ja,VIIA,,,GC IRS 33E,PGM 4 E41,17 45 40.090,-29 00 31.22,359.944,-0.047,Ofpe/WN9,PGM06,,,,,,,,,,,,,10.1,Galactic Center,,,8,Re93
264,101k,VII,,,GC IRS 16SW,PGM06 E23,17 45 40.120,-29 00 29.08,359.944,-0.046,WN9-11+?; Ofpe/WN9,KGE05; PGM06,eclipse,"TW96,OE99",,,,,,,,,,,9.61; 9.9,Galactic Center,,,8,Re93
265,101l,VII,,,GC IRS 16C,PGM06 E20,17 45 40.126,-29 00 27.62,359.944,-0.046,WN9-11; Ofpe/WN9,KGE95; PGM06,,,,,,,,,,,,11.99,9.7,Galactic Center,,,8,Re93
266,101m,VII,,,GC IRS 15NE,PGM06 E88,17 45 40.145,-29 00 16.42,359.947,-0.045,WN9-11; WN8-9,KGE95; PGM06,,,,,,,,,,,,,11.8,Galactic Center,,,8,Re93
267,101ma,VIIA,,,,PGM 5 E71,17 45 40.161,-29 00 21.61,359.946,-0.046,WC8-9?,PGM06,,,,,,,,,,,,,14.1,Galactic Center,,,8,Re93
268,101n,VII,,,GC IRS 16SE1,PGM06 E32,17 45 40.181,-29 00 29.25,359.944,-0.047,WC9; WC8-9,KGM95; PGM06,,,,,,,,,,,,,10.9,Galactic Center,,,8,Re93
269,101na,VIIA,,,GC IRS 21 ,BSD96 81,17 45 40.221,-29 00 30.84,359.944,-0.047,WCLd?,TGM05,,,,,,,,,,,,,10.55,Galactic Center,,,8,Re93
271,101nc,VIIA,,,GC IRS 9W,PGM 7 E65,17 45 40.257,-29 00 33.72,359.943,-0.048,WN8,PGM06,,,,,,,,,,,,,12.1,Galactic Center,,,8,Re93
272,101nd,VIIA,,,GC IRS 16NE,PGM 8 E39,17 45 40.259,-29 00 27.07,359.945,-0.047,Ofpe/WN9,PGM06,,,,,,,,,,,,,8.9,Galactic Center,,,8,Re93
273,101o,VII,,,GC IRS 16SE2,PGM06 E40,17 45 40.264,-29 00 29.29,359.944,-0.047,WC9; WN5-6,KGE95; PGM06,,,,,,,,,,,,,12,Galactic Center,,,8,Re93
274,101oa,VIIA,,,PMM 1 B9,PGM06 E59,17 45 40.264,-29 00 24.64,359.945,-0.046,WR; WC9,PMM01; PGM06,,,,,,,,,,,,,13,Galactic Center,,,8,Re93
275,101ob,VIIA,,,GC IRS 9SW,PGM 9 E76,17 45 40.366,-29 00 36.13,359.943,-0.048,WC9,PGM06,,,,,,,,,,,,,13.1,Galactic Center,,,8,Re93
276,101oc,VIIA,,,GC IRS 7E2 (ESE),PGM06 E70,17 45 40.369,-29 00 22.76,359.946,-0.046,WR; Ofpe/WN9,PMM01; PGM06,,,,,,,,,,,,,12.9,Galactic Center,,,8,Re93
277,101od,VIIA,,,GC IRS 5,TMG05 3,17 45 40.4,-29 00 16,359.948,-0.045,WCLd?,TGM05,,,,,,,,,,,,,,Galactic Center,,,8,Re93
278,101oe,VIIA,,,GC IRS 1W,BSD96-92,17 45 40.442,-29 00 27.53,359.945,-0.047,WCLd?,TGM05,,,,,,,,,,,,,8.72,Galactic Center,,,8,Re93
279,101of,VIIA,,,GC IRS 9SE,PGM 10 (E80),17 45 40.471,-29 00 36.27,359.943,-0.049,WC9,PGM06,,,,,,,,,,,,,11.7,Galactic Center,,,8,Re93
280,101og,VIIA,,,GC IRS 10W,BSD96-94,17 45 40.49,-29 00 22.8,359.946,-0.047,WCLd?,TGM05,,,,,,,,,,,,,10.25,Galactic Center,,,8,Re93
281,101oh,VIIA,,,,PGM 11 (E72),17 45 40.551,-29 00 28.60,359.945,-0.048,WC9,PGM06,,,,,,,,,,,,,13.6,Galactic Center,,,8,Re93
282,101oi,VIIA,,,PMM 3 (B1),PGM06 E78,17 45 40.760,-29 00 27.79,359.946,-0.048,WR; WC9,PMM01; PGM06,,,,,,,,,,,,,13,Galactic Center,,,8,Re93
283,101p,VIIA,,,HBP 1,,17 45 42.47,-28 52 53.3,0.06,0.01,WC8-9; WC8,HBP03; RC15,,,,,,,,,,,16.324,13.045,11.197,,,,,
284,102,VII,,,Sand 4,V3893 Sgr,17 45 47.54,-26 10 26.8,2.3782,1.4057,WO2,CDB98,,,,15.87,15.1,14.72,,,14,13.76,,,,,,G2.4+1.4,2.64,RC20
285,102a,VII,,,CSE 1,,17 45 48.55,-28 50 05.9,0.108,0.018,WN8,CS99,,,,,,,,,,,,,11.15,,,,8,Re93
286,102-12,MC10,,,WR102aaa,MC10 11,17 45 48.48,-28 49 40.5,0.114,0.021,WN8-9h; WN9,MC10; RC15,,,,,,,,,,,,13.612,11.136,,,,,
287,102aa,VIIA,,,CEC96 13,FNG02 2,17 45 49.69,-28 49 25.8,0.12,0.019,WN9; WN8-9h,LG01; CLN18,,,,,,,,,,,,,11.18,Arches,,,8,Re93
288,102ab,VIIA,,,BSP01 30,FNG02 10,17 45 50.06,-28 49 26.5,0.12,0.018,WN7; O7-8Ia+,BSP01; CLN18,,,,,,,,,,,16.86,13.33,11.14,Arches,,,8,Re93
289,102ac,VIIA,,,BSP01 29,FNG02 17,17 45 50.13,-28 49 27.2,0.12,0.018,WN7; O5-6Ia+,BSP01; CLN18,,,,,,,,,,,17.64,14.05,11.85,Arches,,,8,Re93
290,102-4,MM10,,,WR102aca,CXOGC J174550.2-284911,17 45 50.20,-28 49 11.00,0.124,0.02,WN8-9h,MM10,,,,,,,,,,,15.24,12.16,10.47,,,,,
291,102ad,VIIA,,,CEC06 9,FNG02 1,17 45 50.20,-28 49 22.3,0.121,0.019,WN8-9h,"MHP08, CLN18",,,,,,,,,,,15.86,12.44,10.34,Arches,,,8,Re93
292,102ae,VIIA,,,CEC06 1,FNG02 9,17 45 50.26,-28 49 11.8,0.124,0.02,WN8-9h,"MHP08, CLN18",,,,,,,,,,,15.43,12.39,10.62,Arches,,,8,Re93
293,102af,VIIA,,,CEC96 3,FNG02 12,17 45 50.27,-28 49 17.3,0.123,0.019,WN7-8h,"MHP08, CLN18",,,,,,,,,,,15.97,12.81,10.88,Arches,,,8,Re93
294,102ag,VIIA,,,CEC96 6,FNG02 8,17 45 50.38,-28 49 21.3,0.122,0.018,WN8-9h,"MHP08, CLN18",,,,,,,,,,,15.67,12.45,10.46,Arches,,,8,Re93
297,102ah,VIIA,,,CEC96 8,FNG02 6,17 45 50.42,-28 49 22.3,0.122,0.018,WN8-9h,"MHP08, CLN18",,,,,,,,,,,15.23,12.02,10.07,Arches,,,8,Re93
298,102ai,VIIA,,,BSP01 22,FNG02 5,17 45 50.45,-28 49 31.9,0.12,0.016,WN8-9h,"MHP08, CLN18",,,,,,,,,,,,,10.86,Arches,,,8,Re93
299,102aj,VIIA,,,CEC96 5,FNG02 7,17 45 50.47,-28 49 19.5,0.123,0.018,WN8-9h,MHP08; CLN18,,,,,,,,,,,15.21,12.14,10.28,Arches,,,8,Re93
300,102ak,VIIA,,,BSP01 19,FNG02 16,17 45 50.52,-28 49 20.7,0.122,0.018,WN8-9h,"MHP08, CLN18",,,,,,,,,,,16,12.98,11.15,Arches,,,8,Re93
301,102al,VIIA,,,CEC96 2,FNG02 4,17 45 50.56,-28 49 17.6,0.123,0.018,WN9; WN7-8h,"MHP08, CLN18",,,,,,,,,,,15.11,12.08,10.24,Arches,,,8,Re93
302,102-13,MC10,,,MC10 19,,17 45 50.29,-28 57 26.2,0.007,-0.052,WC9,MC10,,,,,,,,,,,15.801,12.933,11.339,,,,,
303,102-5,MM10,,,WR102am,CXOGC J174550.6-285617,17 45 50.60,-28 56 17.00,0.02,-0.04,WN7,MM10,,,,,,,,,,,15.44,12.48,10.85,,,,,
304,102b,VII,,,CSE 2,CXOGC J174550.6-285919,17 45 50.63,-28 59 19.80,359.98,-0.07,WN7; WN7b,MM10a; RC15,,,,,,,,,,,,,,,,,8,Re93
305,102ba,VIIA,,,CEC96 7,FNG02 14,17 45 50.67,-28 49 22.6,0.122,0.017,WN8-9h,"MHP08, CLN18",,,,,,,,,,,15.83,12.82,10.96,Arches,,,8,Re93
306,102bb,VIIA,,,CEC96 11,FNG02 3,17 45 50.82,-28 49 26.4,0.122,0.016,WN8-9h,"MHP08, CLN18",,,,,,,,,,,15.57,12.35,10.36,Arches,,,8,Re93
307,102bc,VIIA,,,CEC96 10,BSP01 1,17 45 51.45,-28 49 25.7,0.123,0.014,WN8-9h,MHP08; CLN18,,,,,,,,,,,,,11.38,Arches,,,8,Re93
308,102-14,MC10,,,MC10 12,,17 45 53.18,-28 49 36.0,0.124,0.006,WN8-9h,MC10,,,,,,,,,,,15.367,12.535,11.003,,,,,
309,102-6,MM10,,,,CXOGC J174555.3-285126,17 45 55.30,-28 51 26.00,0.102,-0.015,WN5-6b,MM10,,,,,,,,,,,14.76,12.4,10.84,,,,,
310,102bd,VIIA,,,HBP 2,,17 45 57.78,-28 54 46.10,0.059,-0.052,WC8-9; WC9,HBP03; RC15,,,,,,,,,,,,13.471,11.492,,,,,
311,102-15,MC10,,,MC10 14,,17 46 02.48,-28 54 12.8,0.076,-0.062,WC9,MC10,,,,,,,,,,,16.396,13.478,11.608,,,,,
312,102-18,MC10,,,MC10 15,,17 46 9.73,-28 55 31.9,0.071,-0.097,WN8-9h,MC10,,,,,,,,,,,14.984,12.273,10.788,,,,,
313,102c,VII,,,qF 353E,FMM 96-1,17 46 11.20,-28 49 05.60,0.165,-0.044,"WN6, WN6(h?)","FMM99, BOH08",,,,,,,,,,,,,11.53,Quintuplet,,,8,Re93
314,102ca,VIIA,,,HBP 3,,17 46 13.04,-28 49 25.40,0.164,-0.053,WC8-9; WC9d,HBP03; CLP18,,,,,,,,,,,,,10.4,Quintuplet,,,8,Re93
315,102d,VII,,,qF 320,LHO09 158,17 46 14.05,-28 49 16.6,0.168,-0.055,WN9; WN9h,FMM95; CLP18,,,,,,,,,,,,,10.5,Quintuplet,,,8,Re93
317,102da,VIIA,,,qF 243,LHO09 75,17 46 14.14,-28 49 36.9,0.163,-0.058,WC9?d; WC9d,LHO09; CLP18,,,,,,,,,,,,,7.9,Quintuplet,,,8,Re93
318,102db,VIIA,,,qF 258,LHO09 102,17 46 14.33,-28 49 31.4,0.165,-0.058,WC9?d; WC9d,LHO09; CLP18,,,,,,,,,,,,,9.2,Quintuplet,,,8,Re93
319,102dc,VIIA,,,qF 231,LHO09 42,17 46 14.70,-28 49 41.0,0.163,-0.061,WC9d+OB,"LHO09, CLP18",,,,,,,,,,,,,6.7,Quintuplet,,,8,Re93
320,102dd,VIIA,,,qF 251,LHO09 84,17 46 14.80,-28 49 34.2,0.165,-0.06,WC9d,"LHO09, CLP18",,,,,,,,,,,,,7.8,Quintuplet,,,8,Re93
321,102e,VII,,,qF 151,FMM 96-2,17 46 14.90,-28 50 00.80,0.159,-0.064,WC8; WC8-9,FMM96; CLP18,,,,,,,,,,,,13.202,10.41,Quintuplet,,,8,Re93
322,102ea,VIIA,,,qF 241,LHO09 71,17 46 15.13,-28 49 37.0,0.165,-0.061,WN9; WN11h,LHO09; CLP18,,,,,,,,,,,,,8.8,Quintuplet,,,8,Re93
323,102f,VII,,,qF 235N,LHO09 47,17 46 15.14,-28 49 40.0,0.165,-0.062,WC8,"LHO09, CLP18",var.,GM99,,,,,,,,,,,10.4,Quintuplet,,,8,Re93
324,102g,VII,,,qF 235S,LHO09 34,17 46 15.16,-28 49 41.9,0.164,-0.062,WC8,"LHO09, CLP18",,,,,,,,,,,,,15.16,Quintuplet,,,8,Re93
326,102h,VII,,,qF 76,FMM 95-2,17 46 15.60,-28 50 18.60,0.156,-0.069,WC9,FMM95,,,,,,,,,,,,,11.44,Quintuplet,,,8,Re93
327,102ha,VIIA,,,qF 211,LHO99 19,17 46 15.85,-28 49 45.6,0.164,-0.065,WC8-9d+OB; WC9d,LHO09; CLP18,,,,,,,,,,,,,7.2,Quintuplet,,,8,Re93
328,102hb,VIIA,,,qF 240,LHO09 67,17 46 15.92,-28 49 37.6,0.166,-0.064,WN9; WN10h,LHO09; CLP18,,,,,,,,,,,,,9.6,Quintuplet,,,8,Re93
329,102i,VII,,,qF 256,LHO09 99,17 46 16.54,-28 49 31.5,0.169,-0.065,WN9; WN8-9ha,LHO09; CLP18,var.,GM99,,,,,,,,,14.607,11.668,10.221,Quintuplet,,,8,Re93
330,102-16,MC10,,,MC10 16,,17 46 17.57,-28 53 03.7,0.121,-0.099,WN8-9h,MC10,,,,,,,,,,,14.972,12.053,10.459,,,,,
331,102j,VII,,,qF 274,FMM 96-5,17 46 17.60,-28 49 29.20,0.172,-0.068,WN9; WN8-9ha,FMM96; CLP18,,,,,,,,,,,14.66,11.772,10.41,Quintuplet,,,8,Re93
332,102k,VII,,,qF 309,FMM 96-6,17 46 17.60,-28 49 18.90,0.174,-0.066,WC<8; WC8-9,FMM96; CLP18,,,,,,,,,,,,,11.6,Quintuplet,,,8,Re93
333,102-7,"MM10, GLS19",,,WR102kaa,CXOGC J174617.7-285007,17 46 17.70,-28 50 07.00,0.163,-0.074,WC9d,"MM10, GLS19",,,,,,,,,,,13.99,10.37,7.84,Quintuplet,,,,
334,102ka,VIIA,,,HBP 4,Peony Nebula star,17 46 18.12,-29 01 36.50,0.0001,-0.174,WN10,"HBP03, OSH13",,,,,,,,,,,12.978,10.267,8.84,,,,,
335,102-17,MC10,,,MC10 17,,17 46 23.72,-28 48 11.6,0.202,-0.076,WN5b; WN6b,MC10; RC15,,,,,,,,,,,16.33,13.265,11.434,,,,,
336,102-1,HT08,,,,CXOGC J174645.3-281546,17 46 45.34,-28 15 46.10,0.705,0.137,WC?,HT08,,,,,,,,,,,,,,,,,,
337,102-8,MM10,,,,CXOGC J174656.3-283232,17 46 56.30,-28 32 32.00,0.487,-0.042,WN8-9h; WN9h,MM10; RC15,,,,,,,,,,,,13.74,11.24,,,,,
338,102-9,MM10,,,,CXOGC J174711.4-283006,17 47 11.40,-28 30 06.00,0.55,-0.068,WN8-9h; WN9h,MM10; RC15,,,,,,,,,,,16.56,12.573,10.467,,,,,
339,102-10,MM10,,,,CXOGC J174712.4-283121,17 47 12.40,-28 31 21.00,0.534,-0.082,WN7-8h; WN8o,MM10; RC15,,,,,,,,,,,17.06,13.07,10.78,,,,,
340,102-11,MM10,,,,CXOGC J174713.0-282709,17 47 13.00,-28 27 09.00,0.595,-0.048,WN7-8h,MM10,,,,,,,,,,,,13.828,11.621,,,,,
341,102l,VII,,,SMSNPL 17,LkHA 121,18 00 34.33,-22 47 39.9,6.9975,0.2263,WN8o,SMS99,,,,17.33,15.53,,,16.3,,12.62,8.831,8.102,7.573,,,,3.43,RC20
342,103,VII,HD 164270,HIP 88287,V4072 Sgr,,18 01 43.15,-32 42 55.2,358.4848,-4.8915,WC9d+?,VI,"SB1, no d.e.l.","IM81,GH86,MLC86,SD87,BE89,CM89,SH89,SS90,NG99a,VII",9.13,9.04,9.01,9.23,8.52,9.06,8.81,8.57,7.75,7.207,6.37,,,,3.46,RC20
343,104,VII,,,Ve2-45,V5097 Sgr,18 02 04.12,-23 37 42.2,6.4432,-0.4854,WC9d+B0.5V (+VB),WH00,"SB2, VB","Cr97,MT99,TM99,WS99,WH00,TCD02,Wi02,WMS02",,14.85,13.54,,,,11.8,11.73,6.67,4.34,2.42,Bochum 14,(Sgr OB1),,2.74,RC20
344,105,VII,,,Ve2-47,NS4,18 02 23.46,-23 34 37.5,6.5242,-0.5243,WN9h,SSM96,,MMEv98,,14.76,12.92,11.53,,,12.92,10.6,7.035,6.254,5.729,,(Sgr OB1),,1.73,RC20
345,106,VII,HDE 313643,,IC14-8,,18 04 43.66,-21 09 30.6,8.8957,0.1952,WC9d,VI,,,14.17,13.13,12.33,11.96,13.39,13.09,11.89,11.1,7.94,6.28,4.82,,,,3.07,RC20
346,107,VII,,,DA1,,18 04 46.10,-21 51 27.2,8.2911,-0.1558,WN8o,SSM96,,,,15.42,14.1,,,,,12.37,,,,,,,2.87,"RC20 (n,e flags)"
347,107a,VII,,,SMSNPL 18,,18 05 11.49,-22 13 24.7,8.0201,-0.4206,WC6; WC5-7,SMS99; RC17,,,,17.75,16.43,,,,,14.46,,,,,,,2.95,RC20
348,108,VII,HDE 313846,HIP 88597,He3-1580,,18 05 25.73,-23 00 20.4,7.3647,-0.8511,WN9ha,SSM96,"a, d.e.l.","CM89,VII",,10.96,10.16,,10.48,10.69,9.89,9.44,7.665,7.341,7.104,,(Sgr OB1),,2.79,RC20
349,109,VII,,,NS 3,V617 Sgr,18 07 50.90,-35 10 25.2,356.9331,-7.1889,WN5h,SSM96,SB1,"SC88,SD98,CD99,SC99",,14.48,14.48,,,13.6,,14.44,13.786,13.519,13.272,,,,6.84,RC20
350,110,VII,HD 165688,HIP 88828,He3-1594,,18 07 56.96,-19 23 56.9,10.8,0.3944,WN5-6b,SSM96,,,11.48,11.05,10.3,9.74,10.48,10.47,9.73,9.21,7.118,6.716,6.223,,(Sgr OB1),,1.58,RC20
351,111,VII,HD 165763,HIP 88856,He3-1599,,18 08 28.47,-21 15 11.2,9.239,-0.6134,WC5,VI,,NG99a,7.99,8.21,8.23,8.46,7.16,7.86,7.67,7.49,7.277,7.143,6.51,,(Sgr OB1),,1.63,RC20
352,111a,VIIA,,,FNG 1,,18 08 38.32,-20 24 33.50,9.995,-0.238,WC8; WC9d,FNG05; BCF08,,,,,,,,,,,,,11.6,SGR 1806-20,,,8.7,BCF08
353,111b,VIIA,,,FNG B,EGH 1,18 08 39.24,-20 24 42.50,9.995,-0.242,WC9d,EGH01,,,,,,,,,,,,,10.4,SGR 1806-20,,,8.7,BCF08
354,111c,VIIA,,,FNG 2,,18 08 39.42,-20 24 42.57,9.995,-0.243,WN6; WN6b,FNG05; BCF08,,,,,,,,,,,,,12.16,SGR 1806-20,,,8.7,BCF08
355,111d,VIIA,,,FNG 3,,18 08 39.50,-20 24 35.88,9.997,-0.242,WN7,FNG05,,,,,,,,,,,,,12.58,SGR 1806-20,,,8.7,BCF08
356,111-1,HD07,,,HDM 7,,18 09 45.06,-20 17 10.4,10.2295,-0.4061,WN6o,HD07,,,,,,,,,,18.7,12.583,11.058,10.135,,,W31/RM10 SFC1?,0.63,RC20 (a flag)
357,111-2,HD07,,,HDM 8,MDF11 4,18 13 14.20 ,-17 53 43.5,12.7215,0.0231,WN7b,HD07; MDF11,,,,,,,,20.48,17.57,14.49,9.619,8.597,7.937,Cl 1813-178:,,W33/G12.86+0.08?,1.98,RC20
358,111-3,SM09,,,SMG09 1385_24,,18 13 42.47,-17 28 12.3,13.1486,0.1283,WC8,SMG09,,,,,,,,,,16.89,11.21,9.7,8.57,,,,2.42,"RC20 (n,e,a flags)"
359,112,VII,,,AFGL 2104,,18 16 33.49,-18 58 42.4,12.1457,-1.1861,WC9d+OB?; WC8-9vd,MC83; Wil19,"d.e.l., VB (P=12.3yr)","CM89,SS90,WMS02,VII; Wil19",,20.1,18.8,,,,,14.59,8.68,6.26,4.26,,,,3.16,"RC20 (n,a flags)"
360,113,VII,HD 168206,HIP 89769,CV Ser,,18 19 07.36,-11 37 59.2,18.9073,1.7512,WC8d+O8-9IV,VI,SB2 (P=29.7d),"SM89,LM96,NM96,NG99a",10.33,9.89,9.43,9.11,9.6,9.86,9.14,8.78,7.02,6.28,5.49,,(Ser OB2),,1.8,RC20
361,113-1,HD07,,,HDM 9,,18 19 22.19,-16 03 12.5,15.0393,-0.3902,WN7o,HD07,,,,,,,,16.5,,12.99,9.088,8.3,7.761,,,M17?,2.13,RC20
362,113-2,SM09,,,SMG09 1425_47,,18 23 03.43,-13 10 00.5,18.006,0.1818,WC5-6,SMG09,,,,,,,,15.23,14.49,14.54,10.34,9.28,8.27,,,,1.86,RC20
363,114,VII,HD 169010,,IC14-17,,18 23 16.34,-13 43 26.1,17.5384,-0.1257,WC5+OB?,"VI,VII",d.e.l.,"CM89,SS90,VII",14.33,13.86,12.95,12.43,13.55,13,12.08,11.43,8.98,8.426,7.608,,(Ser OB1),,2.09,RC20
364,114-1,HD07,,,HDM 10,KSF14 1446-B1D,18 25 00.23,-10 33 23.7,20.5357,0.9827,WN7b; WN6,HD07; KSF14,,,,,,,,,,16.56,12.21,11.236,10.611,,,,2.38,RC20
365,115,VII,,HIP 90299,He3-1693,MR 87,18 25 30.01,-14 38 41.0,16.9772,-1.0337,WN6o,SSM96,d.e.l.,"CM89,VII",14.11,13.42,12.32,11.51,13.38,13.02,11.84,10.9,7.992,7.416,6.945,,(Ser OB1),,0.48,RC20 (a flag)
366,115-1,HD07,,,HDM 11,,18 25 53.09,-13 28 32.3,18.0548,-0.5707,WN6o,HD07,,,,,,,,,,13.94,10.317,9.521,8.962,,,,3.19,RC20
367,116,VII,,,[S66] 1,AS 306,18 27 04.29,-12 22 52.7,19.1578,-0.3165,WN8h,SSM96,,MMEv98,14.6,13.79,13.38,14.43,,,16.68,11.5,8.209,7.566,6.955,,,,2.44,RC20
368,116-1,MV09,,,UCAC2 28237237,,18 28 11.80,-10 25 42.4,21.0147,0.348,WC9+OBI,MV10,,,,,,,,17.9,,12.74,8.36,6.93,5.629,,,,2.58,RC20
369,116-2,SM09,,,SMG09 1462_54,,18 29 33.84,-08 39 02.2,22.746,0.8747,WN5,SMG09,,,,,,,,,,19.69,14.07,12.75,11.93,,,,2.09,"RC20 (n,e,a flags)"
370,117,VII,,,[M82] 15,IC14-22,18 31 02.51,-06 35 49.7,24.7362,1.5007,WC9d,SS90,,,,15.34,14.19,,,,,12.46,9.668,8.493,7.355,(Dolidze 29),,,3.66,RC20
371,117-1,MWC10,,,MDM11 38,UCAC3 160-180469,18 31 16.53,-10 09 25.1,21.6064,-0.1971,WN8; WN7,MWC10; MDM11,,,,,,,,,,13.12,9.09,8.29,7.63,,,,3.41,RC20 (e flag)
372,118,VII,,,AFGL 2179,IRAS 18289-1001,18 31 42.21,-09 59 16.8,21.805,-0.2124,WC9d,CV90,,,,25,22,,,,,15.18,8.1,5.41,3.65,,,,2.49,"RC20 (e,a flag)"
373,118-3,MDI09,,,MDI09 Quartet 1,,18 36 17.28,-07 05 07.1,24.9033,0.1201,WN9,MDI09,,,,,,,,,,18.09,10.34,8.4,7.38,Quartet,,G24.78+0.08/RM10 SFC10?,0.7,RC20 (a flag)
374,118-2,MDI09,,,MDI09 Quartet 2,,18 36 16.68,-07 04 59.4,24.904,0.1233,WN9,MDI09,,,,,,,,,,17.86,10.57,8.66,7.58,Quartet,,G24.78+0.08/RM10 SFC10?,2.41,"RC20 (e,a flag)"
375,118-1,MDI09,,,MDI09 Quartet 5,,18 36 16.33,-07 05 17.00,24.899,0.122,WC9; WC9d,MDI09; RC15,,,,,,,,,,,13.22,10.14,8.09,Quartet,,G24.78+0.08/RM10 SFC10?,6,MDI09
376,119,VII,,,LSWR 15,THA 20-1,18 39 17.90,-10 05 31.0,22.5726,-1.9204,WC9d,WH00,,,13.65,13.04,12.41,12.21,,,,11.57,9.5,8.43,7.265,,,,3.22,RC20
377,119-1,HD07,,,HDM 12,,18 40 08.65,-03 29 31.2,28.5366,0.9159,WN7o,HD07,,,,,,,,,,15.85,11.766,10.864,10.295,,,,4.27,"RC20 (n,e flags)"
378,120,VII,,,Vy1-3,V462 Sct,18 41 00.87,-04 26 14.5,27.7955,0.2901,WN7o,SSM96,,MMEv98,13.86,13.32,12.3,11.63,13.1,12.99,11.94,11.22,,,,Dolidze 33:,,,1.5,RC20
379,120-1,HD07,,,HDM 13,,18 41 10.70,-04 51 27.1,27.4406,0.0615,WC9,HD07,,,,,,,,,,15.26,11.05,10.17,9.445,,,,2.94,RC20 (e flag)
380,120-2,SM09,,,SMG09 1509_29,SCB12 2w01,18 41 48.49,-04 00 12.4,28.27,0.31,WC7,SMG09; SCB12,,,,,,,,,,,15.95,13.88,12.27,,,,,
381,120-3,MW10,,,[GKF2010] MN85,WR120bb,18 42 06.31,-03 48 22.5,28.4811,0.337,WN8-9h; WN9h,MW10; BGS12,,,,,,,,,,18.68,11.95,10.22,9.16,,,,1.08,RC20 (a flag)
382,120-4,MW10,,,[GKF2010] MN86,WR120bc,18 42 08.27,-03 51 03.0,28.4452,0.3094,WN8-9h; WN9h,MW10; BGS12,,,,,,,,,,18.27,11.85,10.26,9.27,,,,2.33,"RC20 (n,e,a flags)"
383,120-5,MW10,,,SCB12 2w02,,18 42 08.47,-03 49 35.3,28.4672,0.3198,WC8,MW10; SCB12,,,,,,,,,,18.24,12.24,11,10.06,,,,1.98,"RC20 (n,e,a flags)"
384,120-6,WM10,,,WM10 50,PN A66 48,18 42 46.92,-03 13 17.3,29.0784,0.4542,WN6,WM10,,,,,,,,,,16.78,13.508,12.834,12.325,,,G29.1+0.4,3.14,RC20
385,121,VII,,HIP 91911,AS 320,V1485 Aql,18 44 13.15,-03 47 57.8,28.7282,-0.1288,WC9d,VI,,MMH98,14.26,13.38,12.41,12.01,13.7,13.34,11.94,11.08,8.295,7.056,5.773,,(Anon. Sct OB),RM10 SFC13?,2.33,RC20
386,121a,VII,,,W43 1,,18 47 36.00,-01 56 32.90,30.77,-0.03,WN7+a/OB?; WN7,BD99; AGK11,d.e.l.,BD99,,,,,,,,,14.85,11.01,8.66,W43 cluster,,W43/RM10 SFC17,7,SB78
387,121-1,GK10; WM10,,,WM10 52,,18 49 27.34,-01 04 20.7,31.7515,-0.048,WN7h,GK10; WM10,,,,,,,,,17.15,15.21,10.943,10.07,9.473,,,,3.19,RC20 (e flag)
388,123,VII,HD 177230,HIP 93626,V1402 Aql,,19 03 59.02,-04 19 02.0,30.5096,-4.7543,WN8o,SSM96,"SB1?, no d.e.l.","MS86,CM89,MM98,MMH98,MMEv98,VII",11.93,11.69,11.26,10.96,11.32,11.6,11.12,10.86,9.524,9.282,8.917,,,,5.35,RC20
389,123-2,SM09,,,SMG09 1613_21,,19 06 36.53,+07 29 52.40,41.33,0.07,WCE,SMG09,,,,,,,,,,,14.24,12.65,11.61,,,,,
390,123-1,HD07,,,HDM 14,,19 08 17.97,+08 29 10.5,42.3995,0.1482,WN6o,HD07,,,,,,,,,,15.59,10.592,9.47,8.707,,,,2.67,RC20 (e flag)
391,124,VII,,HIP 94289,QR Sge,209 BAC,19 11 30.87,+16 51 38.1,50.198,3.31,WN8h,SSM96,"SB1?, no d.e.l.","MS86,CM89,BE89,MMEv98,VII",12.81,12.39,11.58,10.92,,12.19,11.5,10.61,8.578,8.179,7.732,,,,5.87,RC20
392,124-1A,MDI09; FNT15,,,MDI09 GLIMPSE20 6,Mc20-10,19 12 24.13,+09 57 28.8,44.1724,-0.0699,WC8; WC5-7,RC15; FNT15,,,,,,,,,,19.17,,11.22,9.96,Mercer 20,,,2.34,"RC20 (n,e,a flags)"
393,124-2,SM09,,,SMG09 1671_5,,19 20 40.39,+13 50 35.1,48.5525,-0.0477,WC8,SMG09,,,,,,,,,,20.01,13.57,11.8,10.76,,,G48.60+0.02,2.77,"RC20 (n,a flags)"
394,125,VII,,,V378 Vul,IC14-36,19 28 15.61,+19 33 21.4,54.4445,1.0581,WC7ed+O9III,"WH94, Wil19",SB2; Ep dust (P~28.3yr),"MS86,WH92,WH94,Wi97,Wi02; Wil19",15.66,14.84,13.52,12.68,,,,11.94,9.298,8.74,8.214,,,,3.36,RC20
395,125-3,HKB10,,,Mercer23 2,,19 30 13.56,+18 32 02.4,53.7696,0.161,WN7-8h; WN7ha,"HKB10, FND13; RC15",,,,,,,,,,12.81,8.646,7.835,7.332,Mercer 23,,,2.93,"RC20 (n,e flags)"
396,125-1,HD07,,,HDM 15,,19 33 44.01,+19 22 47.4,54.9104,-0.1578,WC8; WC8ed,HD07; W19,,,,,,,,16.3,,13.33,10.196,9.607,9.074,,,,4.8,RC20
397,126,VII,,,[S66] 2,[KW97] 38-41,19 39 56.19,+26 34 42.4,61.8909,2.1112,WC5/WN,CV90,,,14.45,13.99,13.29,12.82,,,,12.42,10.703,10.397,10.09,,(Vul OB2),,7.57,RC20
398,127,VII,HD 186943,HIP 97281,He3-1772,,19 46 15.94,+28 16 19.0,64.0594,1.7334,WN3b+O9.5V,SSM96,SB2 (9.56d),"Ma81,MS86,SM89,LM96, MMH98; CMC11",10.61,10.48,10.33,10.22,9.86,10.56,10.29,10,9.182,9.015,8.761,,(Vul OB2),,3.09,RC20
399,128,VII,HD 187282,HIP 97456,QT Sge,,19 48 32.20,+18 12 03.6,55.6153,-3.7865,WN4(h),SSM96,SB2?,"La83,AC85,MS86,CM89",10.43,10.53,10.54,10.57,9.59,10.49,10.44,10.35,9.969,9.836,9.623,,,,2.9,RC20
400,129,VII,,,MR 96,[KW97] 39-51,19 48 18.26,+30 26 52.6,66.1649,2.4441,WN4o,SSM96,,,14.13,13.82,13.27,12.86,,,,12.71,11.083,10.72,10.404,,,,5.47,RC20
401,130,VII,,,V2180 Cyg,LSWR 16,19 59 12.69,+31 27 08.9,68.2298,0.9555,WN8(h),SSM96,,MMEv98,14.61,13.78,12.6,11.675,14.16,13.68,12.14,11.23,,,,,,,6.67,RC20 (n flag)
402,131,VII,,HIP 98466,MR 97,[KW97] 41-39,20 00 19.12,+33 15 51.0,69.8949,1.7078,WN7h+abs,SSM96,"a, d.e.l.","CM89,VII",13.56,13.09,12.36,11.82,12.93,13.05,12.08,11.52,9.516,9.148,8.855,,,,6.92,RC20
403,132,VII,HD 190002,,[KW97] 41-54,,20 01 39.73,+32 34 17.9,69.4551,1.1029,WC6+?,VI,SB1,BF83,14.68,14.19,13.49,13.13,13.83,13.42,12.67,12.12,10.178,9.855,9.046,,,,4.15,RC20
404,133,VII,HD 190918,HIP 99002,V1676 Cyg,,20 05 57.32,+35 47 18.0,72.6516,2.0651,WN5o+O9I,SSM96,"SB2, VB (112.8d)","SM89,Be94,UH94,Be95,Hip97,MMH98,NG99a,RLS21",6.79,6.7,6.7,6.71,6.2,6.9,6.77,6.73,6.319,6.315,6.247,(NGC 6871),,,1.85,RC20
405,134,VII,HD 191765,HIP 99377,V1769 Cyg,,20 10 14.19,+36 10 34.9,73.4468,1.5466,WN6b,SSM96,"SB1?, no d.e.l","MS86,CM89,RM89,MM93,McB94,MMH98,MM99,NG99a,VII",8.46,8.43,8.23,8.07,7.58,8.25,7.99,7.74,6.72,6.52,6.16,,(Cyg OB3),,1.75,RC20
406,135,VII,HD 192103,HIP 99525,V1042 Cyg,,20 11 53.52,+36 11 50.4,73.6472,1.2784,WC8,VI,,"MS86,NG99a,LD00",8.44,8.33,8.36,8.43,7.78,8.32,8.09,7.88,7.232,7.113,6.663,,Cyg OB3:,,1.98,RC20
407,136,VII,HD 192163,HIP 99546,V1770 Cyg,,20 12 06.53,+38 21 17.7,75.4756,2.4262,WN6b(h),SSM96,"SB1?, no d.e.l.","KF80,AC85,As82,VA85,MS86,CM89,RM89,SS96,NG99a,VII",7.92,7.88,7.65,7.47,7.05,7.65,7.44,7.18,6.127,5.899,5.561,,(Cyg OB1),,1.93,RC20
408,137,VII,HD 192641,HIP 99769,V1679 Cyg,,20 14 31.76,+36 39 39.5,74.3267,1.0917,WC7pd+O9; WC7ed+O9 ,"SS90,WK01,RSR16,Wil19",SB2 (P~13.05yr),"MS86,An95,Wi97,NG99a,WH99,An00,WK01,Wi02; Wil19",8.51,8.29,8.15,8.08,7.71,8.27,7.92,7.75,6.98,6.767,6.185,Dolidze 3?,Cyg OB1,,2.1,RC20
409,138,VII,HD 193077,HIP 99982,He 3-1866,,20 17 00.02,+37 25 23.7,75.2345,1.1066,WN5o+B?; WN6o+O,SSM96; CW11,"SB2, VB (P=1521d)","LM82,MS86,An91,Hip97,MMH98,NG99a, PRD13, RSR16",8.54,8.32,8.1,7.95,7.75,8.43,8.06,7.92,6.965,6.796,6.581,,Cyg OB1,,2.47,RC20
410,138-1,GF09; VCM10,,,WR138a,HBHA 4202-22,20 17 08.11,+41 07 26.9,78.3202,3.1536,WN8-9h,GF09; VCM10,,,,,,,,17.25,15.44,13.82,10.152,9.265,8.649,,,,12.51,"RC20 (n,e flags)"
411,139,VII,HD 193576,HIP 100214,V444 Cyg,,20 19 32.42,+38 43 53.9,76.598,1.4287,WN5o+O6III-V,SSM96,SB2 (P=4.2d),"MS86,SM89,RM90,MMK94,Hip97,MMH98,NG99a",8.84,8.48,8.1,7.85,8.02,8.52,8,7.75,6.697,6.52,6.327,(Berkeley 86),(Cyg OB1),,1.31,RC20
412,140,VII,HD 193793,HIP 100287,V1687 Cyg,,20 20 27.97,+43 51 16.3,80.9302,4.1771,WC7pd+O4-5; WC7ed+O5,WH90; Wil19,"SB2, VB; CWB (P=7.94yr)","MS86,WHW87,ML87,SM89,WH90,An95,HaM99,NG99a,Wi02; MTS04; Wil19",7.64,7.34,7.07,6.91,6.9,7.34,6.87,6.62,5.55,5.43,5.04,,,,1.64,RC20
413,141,VII,HD 193928,HIP 120155,V2183 Cyg,,20 21 31.73,+36 55 12.7,75.3285,0.0781,WN5o+O5V-III,SSM96,SB2 (P=21.7d),"MS86,SM89,GM91,LM96,MMEe98,IV99",11.43,10.85,10.14,9.53,10.71,10.66,9.68,9.33,7.339,6.929,6.535,,Cyg OB1,,1.92,RC20
414,142,VII,,,Sand 5,[KW97] 45-49,20 21 44.34,+37 22 30.4,75.7263,0.3027,WO2,CDB98,,,15.91,15.21,13.82,12.94,14.1,14.39,12.96,12.23,9.538,8.889,8.596,Berlekey 87,,,1.65,RC20
415,142a,VIIA,,,PCG02 1,[KW97] 46-21,20 24 06.20,+41 25 33.00,79.31,2.25,WC8,PGC02 ,,,,,,,,,,13.77,9.273,8.092,7.122,,Cyg OB2/OB9?,,1.81,RC20
416,143,VII,HD 195177,,[KW97] 47-1,,20 28 22.66,+38 37 18.9,77.4991,-0.0461,WC4+OB?,SS90,d.e.l.,"CM89,VII",13.97,13.16,11.95,11.17,13.42,12.67,11.46,10.8,8.579,8.102,7.458,,,,2.22,RC20
417,144,VII,,,HM19-1,HBHA 4203-49,20 32 03.02,+41 15 20.4,80.0431,0.9342,WC4,HH88,,,,,15.49,14.45,,,,12.87,9.407,8.593,7.71,,Cyg OB2,G80.0+0.9,1.75,RC20
418,145,VII,,,AS 422,V1923 Cyg,20 32 06.27,+40 48 29.5,79.6886,0.6609,WN7o/CE+?,SSM96,SB1,"RC89,SM89",15.37,14.18,12.55,11.37,,,12.3,10.63,7.373,6.714,6.239,,Cyg OB2,,1.46,RC20
419,145a,VII,,,Cyg X-3,,20 32 26.60,+40 57 09.00,79.84,0.69,WNE+cc,"KC92,HS00",SB1,"KB89,KC92,Ke93,CM94,KG96,MM96,SG96,HS00",,,23.9,,,,,,15.309,13.192,11.921,,,,,
420,146,VII,,,HM19-3,MR 112,20 35 47.08,+41 22 44.6,80.5605,0.4451,WC4; WC5; WC6+O8,SS90; CDB98; DW00,"SB2, VB","DW96,NS98,SB00",,16.29,13.91,12.27,,,,11.05,7.069,6.24,5.49,,,,1.1,RC20 (a flag)
421,147,VII,,,NS 6,AS 431,20 36 43.63,+40 21 07.4,79.8476,-0.3154,WN8(h)+B0.5V,SSM96; WD97,"SB2, VB","WD97,NS98,SB01",,17.04,14.89,12.75,,,,10.82,6.012,4.856,4.107,,,,1.79,"RC20 (n,a flags)"
422,148,VII,HD 197406,HIP 102088,AS 438,,20 41 21.54,+52 35 15.1,90.0811,6.4694,WN8h+,SSM96,"SB1, d.e.l.","MS80,DL86,MS86,CM89,Mo92,Hip97,MMEv98,PA00,VII",11.08,10.82,10.46,10.16,10.42,10.77,10.21,10.15,8.759,8.533,8.318,,,,9.47,RC20 (e flag)
423,149,VII,,,[S66] 4,HBHA 4703-52,21 07 11.69,+48 25 36.2,89.5265,0.6531,WN5o,SSM96,,,,15.9,14.7,13.92,,,,13.35,10.615,10.057,9.609,,,,4.89,RC20
424,150,VII,,,[S66] 5,HBHA 5204-07,21 50 05.57,+50 42 24.7,96.134,-2.4817,WC5,HH88,,,14.21,14,13.47,13.7,,,,12.26,10.723,10.313,9.602,,,,8.73,RC20
425,151,VII,,,CX Cep,HBHA 5704-45,22 09 33.44,+57 44 30.5,102.6571,1.3888,WN4o+O5V,SSM96,SB2 (P=2.13d),"MC81,SM89,SH89,LM93",13.42,13.02,12.37,11.89,12.78,12.91,12.12,11.71,9.76,9.364,9.008,,,,5.38,RC20
426,152,VII,HD 211564,,,HBHA 5704-12,22 16 24.03,+55 37 36.7,102.2305,-0.8857,WN3(h),SSM96,,,11.83,11.84,11.67,11.75,,,,11.4,10.486,10.316,10.044,,Cep OB1:,,4.36,RC20
427,153,VII,HD 211853,HIP 110154,GP Cep,,22 18 45.60,+56 07 33.9,102.7825,-0.6532,WN6o/CE+O6I; WN6o/CE+O3-6+B0:I+B1:V-III,SSM96; DMM02,SB2 (P=6.69d) + SB2 (3.47d),"Ma81,MS86,SM89,PS90,An94,LM96,NG99a,PA00, DMM02",9.56,9.35,9.08,8.9,8.87,9.41,9.01,8.81,7.781,7.599,7.413,,Cep OB1:,G102.9-0.7,4.06,RC20
428,154,VII,HD 213049,HIP 110836,HBHA 5705-66,,22 27 17.81,+56 15 11.7,103.8527,-1.1835,WC6,VI,,,12.12,11.9,11.54,11.39,,,,10.67,9.301,9.007,8.287,,Cep OB1:,,5.38,RC20
429,155,VII,HD 214419,HIP 111633,CQ Cep,,22 36 53.95,+56 54 20.9,105.3233,-1.294,WN6o+O9II-Ib,SSM96,SB2 (P=1.64d),"SB84,MS86,SM89,MM95,HH97,Hip97,MMH98,NG99a",9.19,9.03,8.75,8.58,8.44,9.26,8.83,8.71,7.482,7.34,7.161,,Cep OB1:,,2.99,RC20
430,156,VII,,HIP 113569,MR 119,AC +60 38562,23 00 10.12,+60 55 38.4,109.8241,0.9194,WN8h,SSM96,d.e.l.,"MS86,CM89,MMH98,MMEv98,VII",12.43,11.92,11.09,10.46,11.85,12.18,11.01,10.3,7.938,7.443,7.03,,,,4.1,RC20
431,157,VII,HD 219460,HIP 114791,,,23 15 12.39,+60 27 01.8,111.3338,-0.2363,WN5o(+B1II),SSM96,VB,"HH88,Hip97,MMH98,NG99a",10.82,10.37,9.91,9.63,10.72,11.11,10.5,10.26,,,,Markarian 50,,,2.57,RC20
432,158,VII,,HIP 117034,MR 112,AS 513,23 43 30.59,+61 55 48.1,115.0325,0.1046,WN7h,SSM96,d.e.l.,"CM89,AV92,VII",12.58,12.21,11.46,10.95,12.02,12.2,11.24,10.71,8.638,8.201,7.811,,,,5,RC20
433,159,VIIA,,,BCC 1,BD+62 2296B,23 47 20.38,+63 13 14.2,115.7855,1.2417,WN4,Ne03,,,,,,,,,11.2,10.53,,,,,,,1.82,RC20
511,60-5,R11b,,,WR60a,,14 06 03.60,-60 27 29.6,312.0081,1.0919,WC5-7; WC7,R11b; RC15,,,,,,,,,15.35,14.62,10.84,10.12,9.39,,,,2.44,RC20
512,70-10,SFZ12,,,SFZ12 1023-63L,,15 52 08.50,-54 16 58.0,327.39,-0.23,WC7: or [WC7],SFZ12; KSF16,,,,,,,,,,,16.13,15.06,14.37,,,RCW97/RM10 SFC33?,,
513,70-11,SFZ12,,,SFZ12 1042-25L,,16 00 25.26,-52 03 29.6,329.7723,0.6805,WN8; WN7,SFZ12; RC15,,,,,,,,,,17.82,12.02,10.65,9.88,,,,4.17,"RC20 (n,a flags)"
514,70-12,SFZ12,,,SFZ12 1038-22L,Mc70-7,16 00 26.31,-52 11 10.73,329.69,0.58,WC7:,SFZ12; FNT15,,,,,,,,,,19.7,11.53,10.2,9.29,Mc70,,,7.9,FNT15
515,72-3,SFZ12; MDM11,,,MDM11 18,SFZ12 1054-43L,16 10 06.26,-50 47 58.6,331.74,0.61,WC9; WC9d?,SFZ12; MDM11,,,,,,,,,,,15.62,13.05,11.53,,,,,
516,72-4,SFZ12,,,SFZ12 1051-67L,,16 10 06.67,-51 47 24.5,331.07,-0.11,WC7:,SFZ12,,,,,,,,,,,14.86,12.63,11.24,,,G331.03-0.15,,
517,74-3,SFZ12,,,SFZ12 1077-55L,,16 24 22.70,-49 00 42.3,334.63,0.3,WC6:,SFZ12,,,,,,,,,,,15.15,13.13,11.97,,,,,
518,75-14,SFZ12,,,SFZ12 1085-72L,,16 27 42.39,-48 30 34.2,335.37,0.25,WC8-9; WC9,SFZ12; RC15,,,,,,,,,,,14.5,12.37,11.21,,,,,
519,75-15,SFZ12,,,SFZ12 1085-69L,,16 28 40.25,-48 18 12.9,335.63,0.28,WC8; WC8d,SFZ12; W19,,,,,,,,,,,14.73,13.16,11.5,,,,,
520,75-16,SFZ12,,,SFZ12 1085-83L,,16 29 35.82,-48 19 34.2,335.72,0.15,WC8:,SFZ12,,,,,,,,,,,16.7,13.49,11.83,,,,,
521,75-17,SFZ12,,,SFZ12 1093-138L,,16 32 15.22,-47 56 12.7,336.31,0.1,WC8:,SFZ12,,,,,,,,,,,16,14.17,12.75,,,,,
522,75-18,ABK11,,,SFZ12 1093-140LB,AX J163552-4746,16 32 48.55,-47 45 06.2,336.51,0.16,Ofpe/WN9; WN9,AGK11; SFZ12,,,,,,,,,,,13.36,<10.89,>9.27,,,,,
523,75-19,SFZ12,,,SFZ12 1093-140L,,16 32 49.78,-47 44 31.4,336.52,0.16,WC7:,SFZ12,,,,,,,,,,,16.15,13.97,12.28,,,,,
524,75-20,SFZ12,,,SFZ12 1091-46L,,16 33 14.06,-48 17 37.2,336.16,-0.26,WC8,SFZ12,,,,,,,,,,,13.93,11.76,10.02,,,,,
525,75-9,SFZ12; MDM11,,,MDM11 24,SFZ12 1093-59L,16 33 45.45,-47 51 29.1,336.54,-0.03,WC9+late; WC8-9d?,SFZ12; MDM11,,,,,,,,,,,15.56,12.98,11.41,,,,,
526,75-21,SFZ12,,,SFZ12 1095-189L,,16 33 48.13,-47 52 52.8,336.5269,-0.0533,WC7:,SFZ12,,,,,,,,,,13.24,10.43,9.62,9.35,,,,1.26,RC20
527,75-10,SFZ12; MDM11,,,MDM11 25,SFZ12 1097-156L,16 34 57.45,-47 04 13.0,337.26,0.35,WN6; WN5-6b; WN6b,SFZ12; MDM11; RC15,,,,,,,,,,,13.75,11.71,10.46,,,,,
529,75-22,SFZ12,,,SFZ12 1097-71L,,16 35 44.37,-47 19 42.2,337.16,0.08,WC9,SFZ12,,,,,,,,,,,15.28,13.72,12.04,,,RM10 SFC37?,,
530,75-13,SFZ12; MDM11,,,MDM11 28,SFZ12 1097-34L,16 35 51.16,-47 19 51.3,337.166,0.064,WC8,"SFZ12, MDM11",,,,,,,,,,,13.6,11.67,10.39,,,RM10 SFC37?,,
531,75-23,SFZ12,,,SFZ12 1106-31L,,16 37 23.98,-46 26 28.8,338.0024,0.4666,WC9,SFZ12,,,,,,,,17.78,15.29,13.8,10.27,9.59,8.93,,,,3.17,RC20
532,75-24,SFZ12,,,SFZ12 1105-76L,,16 38 20.18,-46 23 43.8,338.14,0.38,WC8,SFZ12,,,,,,,,,,,14.77,12.74,11.48,,,,,
533,76-10,SFZ12,,,SFZ12 1109-74L,,16 40 17.12,-46 20 09.7,338.41,0.17,WC7:,SFZ12,,,,,,,,,,,16.92,13.1,11.25,,,G338.4+0.2/RM10 SFC39?,,
534,77-5,SFZ12,,,SFZ12 1115-197L,,16 43 40.37,-45 57 57.7,339.0778,-0.0309,WN6,SFZ12,,,,,,,,18.2,16.73,14.69,10.56,9.71,9.14,,,,2.18,RC20
535,77-6,SFZ12,,,SFZ12 1138-133L,,16 51 19.33,-43 26 55.3,341.8768,0.5593,WN6; WN6b,SFZ12; RC15,,,,,,,,,,19.99,13.56,11.93,10.95,,,,1.96,"RC20 (n, a flags)"
536,77-7,SFZ12,,,SFZ12 1133-59L,,16 51 29.69,-43 53 35.3,341.55,0.25,WC9,SFZ12,,,,,,,,,,,14.73,13.46,12.06,,,,,
537,82-1,SFZ12,,,SFZ12 1168-91L,,17 09 32.64,-41 29 47.3,345.48,-0.88,WC7:,SFZ12,,,,,,,,,,,15.13,13.43,11.84,,,,,
538,83-1,SFZ12,,,SFZ12 1179-129L,,17 11 00.81,-39 49 31.4,346.9945,-0.116,WC6:,SFZ12,,,,,,,,,,20.46,15.26,13.89,12.81,,,,1.75,"RC20 (n,e,a flags)"
539,84-2,SFZ12,,,SFZ12 1181-82L,,17 11 28.52,-39 13 16.8,347.53,0.17,WC8,SFZ12,,,,,,,,,,,13.98,12.2,10.98,,,G347.6+0.2,,
540,84-3,SFZ12,,,SFZ12 1181-81L,,17 11 36.12,-39 11 07.9,347.58,0.17,WC8,SFZ12,,,,,,,,,,,13.35,12.08,10.84,,,G347.6+0.2,,
541,84-4,SFZ12,,,SFZ12 1181-211L,,17 11 46.13,-39 20 27.8,347.4711,0.053,WN7; WN7ha,SFZ12; RC15,,,,,,,,20.75,17.7,15.34,10.88,10,9.49,,,,2.1,RC20
542,84-5,SFZ12,,,SFZ12 1189-110L,,17 14 09.56,-38 11 20.9,348.68,0.35,WC9,SFZ12,,,,,,,,,,,14.34,12.78,11.59,,,,,
543,94-1,SFZ12,,,SFZ12 1245-23L,,17 33 33.22,-32 36 16.4,355.52,0.24,WC9,SFZ12,,,,,,,,,,,15.99,12.59,10.76,,,,,
544,98-1,SFZ12,,,SFZ12 1269-166L,,17 41 13.51,-30 03 41.1,358.54,0.22,WC8,SFZ12,,,,,,,,,,,13.52,11.7,10.56,,,,,
545,100-3,SFZ12,,,SFZ12 1275-184L,,17 44 06.89,-30 01 13.2,358.9,-0.29,WN8,SFZ12,,,,,,,,,,,13.9,11.52,10.17,,,,,
546,102-19,SFZ12,,,SFZ12 1322-220L,,17 55 20.21,-24 07 38.4,5.2427,0.5991,WN5,SFZ12,,,,,,,,19.93,,16.13,11.84,10.95,10.32,,,,2.39,RC20
547,102-20,SFZ12,,,SFZ12 1327-25L,,17 59 02.85,-24 20 50.7,5.4765,-0.2432,WC9,SFZ12,,,,,,,,,,20.4,13.78,12.38,10.89,,,,1.92,"RC20 (e,a flags)"
548,102-21,SFZ12,,,SFZ12 1342-208L,,17 59 48.22,-22 14 52.3,7.3836,0.6518,WN6,SFZ12,,,,,,,,,,16.45,11.4,10.29,9.47,,,,2.11,RC20
549,111-6,SFZ12,,,SFZ12 1381-20L,,18 12 57.27,-18 01 20.7,12.58,0.02,WC9,SFZ12,,,,,,,,,,,14.24,13.35,10.75,,,,,
550,111-7,SFZ12,,,SFZ12 1395-86L,,18 16 02.36,-16 53 59.4,13.92,-0.09,WC8,SFZ12,,,,,,,,,,,18.08,13.96,11.85,,,,,
551,114-2,SFZ12,,,SFZ12 1434-43L,,18 23 32.32,-12 03 58.7,19.0332,0.5939,WC8,SFZ12,,,,,,,,,,20.04,14.45,12.9,11.69,,,,1.81,"RC20 (n,e,a flags)"
552,115-2,SFZ12; MDM11,,,MDM11 35,SFZ12 1431-34L,18 25 53.62,-12 50 03.2,18.6231,-0.2733,WN8,SFZ12; MDM11,,,,,,,,20.65,,17.22,11.53,10.13,9.28,,,,2.14,RC20 (a flag)
553,118-4,SFZ12; MDM11,,,MDM11 39,SFZ12 1463-7L,18 33 47.63,-09 23 07.9,22.5772,-0.3912,WC8,SFZ12; MDM11,,,,,,,,,,18.63,12.18,10.52,9.36,,,RM10 SFC5?,2.34,"RC20 (e,a flag)"
554,118-7,SFZ12,,,SFZ12 1477-55L,,18 35 47.7,-07 17 50.1,24.66,0.13,WC9,SFZ12,,,,,,,,,,,15.91,12.89,11.01,,,G24.78+0.08/RM10 SFC10?,,
555,118-8,SFZ12,,,SFZ12 1487-80L,,18 38 00.49,-06 26 46.1,25.67,0.03,WC9,SFZ12,,,,,,,,,,,15.63,13.02,11.29,,,RM10 SFC12?,,
556,118-6,SFZ12; MDM11,,,MDM11 41,SFZ12 1483-212L,18 38 27.21,-07 10 45.2,25.0665,-0.4002,WN7:,SFZ12; MDM11,,,,,,,,,,20.33,13.64,11.73,10.59,,,,2.29,"RC20 (n,a flag)"
557,118-9,SFZ12,,,SFZ12 1489-36L,,18 38 38.94,-06 00 16.0,26.13,0.1,WC9,SFZ12,,,,,,,,,,,14.78,13.04,11.15,,,RM10 SFC12?,,
558,119-2,SFZ12; MDM11,,,MDM11 42,SFZ12 1493-9L,18 39 34.58,-05 44 23.1,26.4737,0.0119,WC8,SFZ12; MDM11,,,,,,,,18.36,,17.55,11.83,10.49,9.56,,,,2.19,RC20 (a flag)
559,119-3,SFZ12,,,SFZ12 1487-212L,,18 39 42.53,-06 41 46.4,25.64,-0.46,WN7,SFZ12,,,,,,,,,,,13.27,11.5,10.5,,,,,
560,120-11,SFZ12,,,SFZ12 1495-32L,,18 41 23.35,-05 40 58.2,26.7308,-0.3629,WC8,SFZ12,,,,,,,,17.97,17.39,18.48,12.35,11.15,10.25,,,,2.66,"RC20 (n,a flags)"
561,120-7,SFZ12; MDM11,,,MDM11 43,SFZ12 1503-160L,18 41 34.07,-05 04 01.3,27.2987,-0.1207,WN7,SFZ12; MDM11,,,,,,,,19.18,,15.07,10.22,9.21,8.51,,,,2.93,RC20 (n flag)
562,120-12,SFZ12,,,SFZ12 1513-111L,SCB12 2w05,18 43 17.28,-03 20 23.7,29.03,0.29,WC7:; WC8,SFZ12; SCB12,,,,,,,,,,,17.69,14.65,12.54,,,,,
563,120-13,SFZ12,,,SFZ12 1522-55L,,18 43 39.65,-02 29 35.9,29.83,0.59,WC9,SFZ12,,,,,,,,,,,13.41,12.24,11.47,,,,,
564,120-10,SFZ12; MDM11,,,MDM11 46,SFZ12 1517-138L,18 43 58.03,-02 45 17.3,29.6287,0.4043,WN7,SFZ12; MDM11,,,,,,,,17.96,16.25,14.12,10,9.16,8.53,,,,2.59,RC20
565,121-5,SFZ12,,,SFZ12 1527-13L,SCB12 2w07,18 47 38.33,-02 06 38.9,30.62,-0.12,WC8,SFZ12; SCB12,,,,,,,,,,,16.48,12.8,10.44,,,W43/RM10 SFC17?,,
566,121-4,SFZ12; MDM11,,,MDM11 49,SFZ12 1528-15L,18 49 32.31,-02 24 27.0,30.57,-0.68,WC7; WC8,"SFZ12, RC15; MDM11",,,,,,,,,,,14.13,12.13,10.66,,,G30.6-0.6,,
567,121-6,SFZ12,,,SFZ12 1536-180L,,18 51 10.76,-01 30 03.5,31.5666,-0.6269,WN5,SFZ12,,,,,,,,17.26,15.51,13.98,10.42,9.76,9.34,,,,2.86,RC20
568,122-6,SFZ12,,,SFZ12 1551-19L,,18 52 32.97,+00 14 26.8,33.27,-0.14,WC8:,SFZ12,,,,,,,,,,,16.91,13.62,11.78,,,,,
569,122-7,SFZ12,,,SFZ12 1563-66L,,18 55 44.44,+01 36 43.9,34.86,-0.22,WC8:,SFZ12,,,,,,,,,,,16.56,13.29,11.45,,,,,
570,122-8,SFZ12,,,SFZ12 1563-89L,,18 56 02.04,+01 36 32.9,34.89,-0.29,WC7:,SFZ12,,,,,,,,,,,17.13,14.32,12.55,,,,,
571,122-9,SFZ12,,,SFZ12 1567-51L,,18 56 07.90,+02 20 49.0,35.56,0.03,WC7:,SFZ12,,,,,,,,,,,14.72,12.27,10.87,,,RM10 SFC21?,,
572,122-10,SFZ12,,,SFZ12 1583-64L,,19 00 59.99,+03 55 35.6,37.52,-0.33,WC7:,SFZ12,,,,,,,,,,,17.49,14.8,12.79,,,W47/RM10 SFC22?,,
573,122-4,SFZ12; MDM11,,,MDM11 53,SFZ12 1583-48L,19 01 26.62,+03 51 55.55,37.51,-0.46,WC8,SFZ12; MDM11,,,,,,,,,,,14.7,12.67,11.25,,,W47/RM10 SFC22?,,
574,122-5,SFZ12; MDM11,,,MDM11 54,SFZ12 1583-47L,19 01 27.11,+03 51 54.4,37.51,-0.46,WC8,SFZ12; MDM11,,,,,,,,,,,14.25,12.27,10.99,,,W47/RM10 SFC22?,,
575,123-4,SFZ12,,,SFZ12 1603-75L,,19 04 33.49,+06 05 18.5,39.84,-0.13,WC8,SFZ12,,,,,,,,,,,16.31,14.38,13.68,,,,,
576,124-8,SFZ12,,,SFZ12 1650-96L,,19 13 24.01,+11 43 24.3,45.85,0.53,WN6,SFZ12,,,,,,,,,,,8.61,7.99,7.8,,,,,
577,124-3,SFZ12; MDM11,,,MDM11 56,SFZ12 1657-51L,19 16 18.38,+12 46 49.3,47.1162,0.3939,WC7; WC8,"SFZ12, RC15; MDM11",,,,,,,,,,17.72,12.96,11.82,10.77,,,,3.66,"RC20 (n,a flags)"
578,124-9,SFZ12,,,SFZ12 1670-57L,,19 17 32.80,+14 08 28.0,48.4606,0.762,WC6:,SFZ12,,,,,,,,,,18.84,13.9,12.72,11.67,,,,2.66,"RC20 (n,e,a flags)"
579,124-4,SFZ12; MDM11,,,MDM11 57,SFZ12 1652-24L,19 17 41.21,+11 29 18.9,46.13,-0.51,WC7,SFZ12; MDM11,,,,,,,,,,,15.29,13,11.53,,,,,
580,124-10,SFZ12,,,SFZ12 1669-24L,,19 18 31.71,+13 43 17.9,48.2,0.36,"WC6:, WC6d",SFZ12; W19,,,,,,,,,,,14.35,12.59,11.33,,,,,
581,124-6,SFZ12; MDM11,,,MDM11 59,SFZ12 1675-17L,19 22 53.61,+14 08 49.8,49.0744,-0.3797,WC7; WC6,"SFZ12, MDM11; RC15",,,,,,,,,,18.83,12.67,10.91,9.68,,,W51/RM10 SFC24?,2.73,"RC20 (n,a flags)"
582,124-7,SFZ12; MDM11,,,MDM11 60,SFZ12 1675-10L,19 22 54.45,+14 11 27.9,49.1147,-0.362,WC8; WC7,"SFZ12, RC15; MDM11",,,,,,,,,,18.48,12.83,11.02,9.58,,,W51/RM10 SFC24?,2.88,"RC20 (n,a flags)"
583,124-11,SFZ12,,,SFZ12 1698-70L,,19 24 46.91,+17 14 25.0,52.0148,0.6826,WN6; WN6b,SFZ12; RC15,,,,,,,,,,18.45,12.65,11.19,10.25,,,G52.04+0.55,2.45,"RC20 (e,a flags)"
584,20-Jan,MDM11,,,MDM11 1,,10 23 28.79,-57 46 29.4,284.2178,-0.3823,WN7-8,MDM11,,,,,,,,,,15.9,10.6,9.2,8.34,,,RCW49/RM10 SFC26?,2.72,RC20
585,46-15,MDM11,,,MDM11 2,,12 15 12.48,-62 46 43.9,298.8024,-0.198,WN8,MDM11,,,,,,,,,,20.49,13.13,11.03,9.84,,,,1.99,"RC20 (n,a flags)"
586,48-6,MDM11,,,MDM11 3,,13 12 09.05,-62 43 26.7,305.3024,0.0523,WN8-9; WN9,MDM11; RC15,,,,,,,,,,16.32,10.21,8.57,7.58,,,G305 complex,3.02,"RC20 (e,a flags)"
587,48-7,MDM11,,,MDM11 5,,13 12 25.46,-62 44 41.8,305.332,0.029,WN9; WN8,MDM11; RC15,,,,,,,,20.13,,15.06,9.81,8.48,7.65,Danks 1 ,,G305 complex,2.61,RC20
588,48-8,MDM11,,,MDM11 7,DCT12 D1-5,13 12 28.49,-62 41 51.0,305.3416,0.0758,WN9; WCLh,MDM11; DCT11,,,,,,,,,,13.98,9.81,8.83,8.15,Danks 1:,,G305 complex,3.22,RC20
589,48-9,MDM11,,,MDM11 8,DCT12 D1-1,13 12 28.55,-62 41 43.8,305.3419,0.0778,WN9h; WNLh,MDM11; DCT11,,,,,,,,,,12.61,8.26,7.27,6.61,Danks 1:,,G305 complex,2.78,RC20
590,49-1,MDM11,,,MDM11 9,,13 14 57.04,-62 23 53.3,305.65,0.35,WN8,MDM11,,,,,,,,,,,13.82,11.88,10.67,,,,,
591,57-1,MDM11,,,MDM11 10,,13 44 06.95,-62 45 02.1,308.92,-0.49,WN7,MDM11,,,,,,,,,,,15.01,12.77,11.46,,,,,
592,60-3,MDM11,,,MDM11 11,,14 01 15.49,-62 38 19.9,310.86,-0.85,WC7,MDM11,eclipse (3.73d?),W19,,,,,,,,,14.87,12.84,11.56,,,,,
593,60-4,MDM11,,,MDM11 12,,14 04 36.67,-61 29 16.5,311.55,0.15,WC8; WC8ed,MDM11; Wil19,Ep Dust (P=0.76y?),Wil19,,,,,,,,,15.58,12.71,11,,,RM10 SFC31?,,
594,61-3,MDM11,,,MDM11 13,,14 20 30.74,-60 48 22.2,313.5837,0.2101,WC9,MDM11,,,,,,,,,,20.5,13.62,11.63,10.38,,,G313.5+0.2?,0.91,"RC20 (e,a flags)"
595,70-6,MDM11,,,MDM11 14,,15 53 31.85,-53 45 44.3,327.88,0.05,WN5b; WN6b,MDM11; RC15,,,,,,,,,,,15.16,12.51,10.97,,,G327.9+0.0/RM10 SFC33?,,
596,70-7,MDM11,,,MDM11 15,,15 58 49.71,-52 51 32.4,329.07,0.23,WN6b,MDM11,,,,,,,,,,,15.94,13.05,11.36,,,,,
597,70-8,MDM11,,,MDM11 16,,15 58 54.93,-52 02 45.5,329.6,0.84,WN7,MDM11,,,,,,,,,,,15.64,12.59,10.91,,,,,
598,70-9,MDM11,,,MDM11 17,,16 00 23.26,-52 51 42.3,329.24,0.08,WC8,MDM11,,,,,,,,,,,15.56,12.87,11.31,,,G329.3+0.2,,
599,74-1,MDM11,,,MDM11 19,,16 20 51.43,-50 04 03.3,333.48,-0.04,WN9ha,MDM11,,,,,,,,,,,15.5,12.28,10.59,,,G333.1-0.4/RM10 SFC34?,,
600,74-2,MDM11,,,MDM11 20,,16 24 23.29,-49 21 29.5,334.38,0.05,WN7,MDM11,,,,,,,,,,,15.64,12.9,11.43,,,,,
601,75-6,MDM11,,,MDM11 21,,16 28 53.42,-48 33 39.4,335.47,0.08,WN5b,MDM11,,,,,,,,,,,14.65,12.8,11.76,,,,,
602,75-7,MDM11,,,MDM11 22,,16 32 22.05,-47 47 42.5,336.43,0.18,WC9; WC9d,MDM11; W19,,,,,,,,,,,14.97,12.96,11.63,,,,,
603,75-8,MDM11,,,MDM11 23,,16 33 11.20,-48 19 41.2,336.13,-0.28,WN4-5b; WN4b,MDM11; RC15,,,,,,,,,,,15,12.44,10.9,,,,,
604,75-11,MDM11,,,MDM11 26,,16 35 05.55,-47 17 13.5,337.11,0.19,WC9d?; WC9ed,MDM11; W19,,,,,,,,,,,13.6,11.62,10.46,,,RM10 SFC37?,,
605,75-12,MDM11,,,MDM11 27,,16 35 38.88,-47 09 13.0,337.27,0.21,WN6,MDM11,,,,,,,,,,,15.02,12.85,11.49,,,RM10 SFC37?,,
606,76-1,MDM11,,,MDM11 29,,16 40 50.78,-45 51 23.1,338.84,0.41,WN9,MDM11,,,,,,,,,,,14.84,12,10.42,,,G338.926+0.554/RM10 SFC40?,,
607,77-3,MDM11,,,MDM11 30,,16 47 46.03,-45 59 04.9,339.5264,-0.5833,WN6,MDM11,,,,,,,,,,16.84,11.12,9.84,9.1,,,G339.5-0.5,2.7,"RC20 (n,e,a flags)"
608,77-4,MDM11,,,MDM11 31,,16 48 27.58,-46 09 27.1,339.47,-0.79,WN5; WN6,MDM11; RC15,,,,,,,,,,,14.14,11.85,10.59,,,,,
609,84-1,MDM11,,,MDM11 32,[DBS2003] 179 #20,17 11 33.03,-39 10 39.7,347.578,0.184,WN8-9; WN9,"MDM1, BGH12; RC15",,,,,,,,,,,12.37,10.43,9.19,[DBS2003] 179,,G347.6+0.2,7.9,BGH12
610,111-5,MDM11,,,MDM11 33,,18 12 41.10,-18 26 30.4,12.18,-0.12,WN8-9; WN9,MDM11; RC15,,,,,,,,,,,13.8,11.97,10.92,,,G12.2-0.1,,
611,111-4,MDM11; MDF11,,,MDM11 34,MDF11 #7,18 13 22.49,-17 53 50.3,12.7355,-0.0067,WN6; WN7o; WN7,MDM11; MDF11; RC15,,,,,,,,18.63,15.6,15.18,10.3,9.27,8.66,Cl 1813-178,,,2.37,RC20
612,115-3,MDM11,,,MDM11 36,,18 26 06.12,-13 04 10.6,18.4386,-0.428,WN7,MDM11,,,,,,,,15.86,,13.27,9.59,8.82,8.3,,,,2.68,RC20
613,116-3,MDM11,,,MDM11 37,,18 30 53.20,-10 19 37.2,21.4114,-0.191,WN6; WN6ha,MDM11; RC15,,,,,,,,17.24,,14.09,10.68,9.91,9.43,,,,2.89,RC20
614,118-5,MDM11,,,MDM11 40,,18 37 51.49,-06 08 41.8,25.9177,0.2057,WC9d,MDM11,,,,,,,,,,19.22,12.73,10.74,9.31,,,RM10 SFC12?,2.87,"RC20 (n,a flag)"
615,120-8,MDM11,,,MDM11 44,,18 42 02.55,-03 56 26.3,28.35,0.29,WN8-9; WN9,MDM11; RC15,,,,,,,,,,,12.86,10.82,9.66,,,,,
616,120-9,MDM11,,,MDM11 45,,18 43 32.57,-04 04 19.0,28.41,-0.1,WN7; WN7ha,MDM11; RC15,,,,,,,,,,,15.15,12.55,11.14,,,,,
617,121-2,MDM11,,,MDM11 47,,18 44 51.57,-03 21 49.6,29.19,-0.07,WN7,MDM11,,,,,,,,,,,14.22,12.23,11.13,,,,,
618,121-3,MDM11,,,MDM11 48,,18 44 51.61,-03 27 43.7,29.1,-0.12,WN7,MDM11,,,,,,,,,,,13.81,11.87,10.73,,,,,
619,122-2,MDM11,,,MDM11 51,,18 52 43.69,+00 08 41.6,33.208,-0.221,WN8-9; WN9,MDM11; RC15,,,,,,,,,,19.63,12.49,10.68,9.61,,,,2.21,"RC20 (e,a flag)"
620,122-3,MDM11,,,MDM11 52,,18 54 03.12,+01 24 50.8,34.4884,0.0633,WN5-6; WN6,MDM11; RC15,,,,,,,,,,19.48,12.81,11.06,9.99,,,,2.41,"RC20 (n,e,a flags)"
621,123-3,MDM11,,,MDM11 55,,19 08 38.09,+09 28 20.9,43.3129,0.5291,WN8,MDM11,,,,,,,,,,18.28,12.22,10.81,9.94,,,,3.18,"RC20 (n,a flag)"
622,124-5,MDM11,,,MDM11 58,,19 20 29.32,+14 12 06.1,48.85,0.16,WC8-9d?,MDM11,,,,,,,,,,,14.34,11.98,10.63,,,,,
623,125-4,MDM11,,,MDM11 61,,19 30 05.31,+17 46 01.0,53.0809,-0.1785,WN7,MDM11,,,,,,,,,,19.17,12.71,11.07,9.14,,,,2.96,"RC20 (n,a flags)"
624,48-10,DCT12,,,DCT12 D1-2,,13 12 24.97,-62 42 00.2,305.3347,0.0738,WNLh; WN9h,DCT11; RC15,,,,,,,,,,14.39,9.42,8.15,7.48,Danks 1,,G305 complex,2.52,RC20
625,101ai,VIIa,,,AFNWNW,PGM06 E81,17 45 39.306,-29 00 30.68,359.942,-0.0442,WN7,PGM06,,,,,,,,,,,,,12.6,Galactic Centre,,,8,
626,102-2,LHO09,,,LHO09 76,,17 46 14.15,-28 49 35.4,0.163,-0.058,WC9d,"LHO09, CLP18",,,,,,,,,,,,,10.3,Quintuplet,,,8,Re93
627,102-3,LHO09,,,qF 250,LHO09 79,17 46 15.39,-28 49 34.6,0.165,-0.064,WC9d,"LHO09, CLP18",,,,,,,,,,,,,9.3,Quintuplet,,,8,Re93
628,76-9,DFN12,,,Mercer 81-3,,16 40 30.08,-46 23 11.4,338.4,0.1,WN7-8,DFN12,,,,,,,,,,,,12.97,10.82,Mercer 81,,G338.4+0.2/RM10 SFC39,11,DFN12
629,142-1,LGM11,,,WR142b,[KW97] 46-60,20 28 14.55,43 39 25.4,81.5746,2.9134,WN6o,LGM11,,,,,,,,15.7,,12.8,8.77,7.86,7.19,,,,1.77,RC20
630,46-16,RMM11,,,RMM 5,,12 11 54.06,-63 17 03.8,298.5056,-0.7529,WN9,RMM11,,,,,,,,,,18.34,13.44,12.05,11.54,,Dragonfish,RM10 SFC29,2.47,RC20
631,84-7,BGH12,,,[DBS2003] 179 #4,,17 11 31.88,-39 10 46.9,347.574,0.185,Ofpe/WN9,BGH12,,,,,,,,,,,12.08,10.14,9.18,[DBS2003] 179,,G347.6+0.2,7.9,BGH12
632,84-6,BGH12,,,[DBS2003] 179 #15,,17 11 31.80,-39 10 46.8,347.574,0.186,WN8-9,BGH12,,,,,,,,,,,12.5,10.53,9.57,[DBS2003] 179,,G347.6+0.2,7.9,BGH12
633,76-7,"DFN12, FND12",,,Mercer 81-2,,16 40 29.65,-46 23 29.1,338.4,0.1,WN7-8,FND12,,,,,,,,,,,,13.25,10.59,Mercer 81,,G338.4+0.2/RM10 SFC39,11,DFN12
634,76-8,DFN12,,,Mercer 81-4,,16 40 29.65,-46 23 28.7,338.4,0.1,WN7-8:,RC15 (DFN12),,,,,,,,,,,,13.44,10.95,Mercer 81,,G338.4+0.2/RM10 SFC39,11,DFN12
635,76-2,"DFN12, FND12",,,Mercer 81-5,,16 40 28.35,-46 23 25.6,338.4,0.1,WN7-8,FND12,,,,,,,,,,,,14.13,11.42,Mercer 81,,G338.4+0.2/RM10 SFC39,11,DFN12
636,76-4,"DFN12, FND12",,,Mercer 81-6,,16 40 29.32,-46 23 11.6,338.4,0.1,O super; WN9ha,FND12; RC15,,,,,,,,,,,,13.46,11.42,Mercer 81,,G338.4+0.2/RM10 SFC39,11,DFN12
637,76-6,"DFN12, FND12",,,Mercer 81-7,,16 40 29.60,-46 23 25.6,338.4,0.1,WN7-8,FND12,,,,,,,,,,,,13.55,11.45,Mercer 81,,G338.4+0.2/RM10 SFC39,11,DFN12
638,76-3,DFN12; FND12,,,Mercer 81-8,,16 40 28.94,-46 23 27.1,338.4,0.1,Of/WN; WN8,FND12; RC15,,,,,,,,,,,,14.27,11.46,Mercer 81,,G338.4+0.2/RM10 SFC39,11,DFN12
639,76-5,DFN12; FND12,,,Mercer 81-9,,16 40 29.32,-46 23 38.2,338.4,0.1,O super; WN9ha,FND12; RC15,,,,,,,,,,,,13.76,11.82,Mercer 81,,G338.4+0.2/RM10 SFC39,11,DFN12
640,42-1,RL12,,,WR42e,RFS 5,11 14 45.50,-61 15 00.3,291.5735,-0.5287,O3If*/WN6,RFS16,,,,,,,16.31,16.05,14.53,13.45,10.18,9.47,9.04,NGC 3603,,G291.6-0.5/RM10 SFC28?,4.34,RC20
641,45-5,CBB12,,,VVV CL009-6,,11 56 03.75,-63 18 54.4,296.7621,-1.1086,WN7/Of,CBB12,,,,,,,,,,13.6,10.55,9.93,9.65,VVV CL009,,,6.27,RC20
642,46-17,CBB12,,,VVV CL011-2,,12 12 41.12,-62 42 30.7,298.5065,-0.1702,WN9/OIf+,CBB12,,,,,,,,,,16.47,11.72,10.6,10.05,VVV CL011,Dragonfish,RM10 SFC29,2.89,"RC20 (n,e,a flags)"
643,60-6,CBB12,,,VVV CL036-9,,14 09 04.30,-61 15 53.78,312.12,0.21,WN6,CBB12,,,,,,,,,,,13.37,10.66,9.16,VVV CL036,,,2,CBB12
644,75-25,CBB12,,,VVV CL073-2,,16 30 23.73,-48 13 05.48,335.89,0.13,WN9/O4-6If+,CBB12,,,,,,,,,,,15.4,12.51,11.08,VVV CL073,,G335.9+0.2,4,CBB12
645,75-26,CBB12,,,VVV CL073-4,,16 30 23.98,-48 13 05.48,335.89,0.13,WN7,CBB12,,,,,,,,,,,14.71,11.53,9.5,VVV CL073,,G335.9+0.2,4,CBB12
646,75-27,CBB12,,,VVV CL074-2,,16 32 05.27,-47 49 14.25,336.38,0.2,WC8,CBB12,,,,,,,,,,,16.92,13.23,10.31,VVV CL074,,,6,CBB12
647,75-28,CBB12,,,VVV CL074-3,,16 32 05.46,-47 49 28.10,336.37,0.2,WN8,CBB12,,,,,,,,,,,14.72,11.82,10.17,VVV CL074,,,6,CBB12
648,75-29,CBB12,,,VVV CL074-9,,16 32 05.93,-47 49 30.92,336.37,0.19,WN7/O4-6If+; O4-6If+,CBB12; MCB19,,,,,,,,,,,15.22,12.53,11.31,VVV CL074,,,6,CBB12
649,84-8,CBB12,,,VVV CL099-4,,17 14 24.71,-38 09 49.35,348.73,0.33,WN6+O,CBB12,,,,,,,,,,,12.62,10.93,9.91,VVV CL099,,,4,
650,84-9,CBB12,,,VVV CL099-5,,17 14 25.40,-38 09 50.5,348.7277,0.3255,WN6,CBB12,,,,,,,,,,20.38,13.43,11.7,10.64,VVV CL099,,,0.35,RC20 (a flag)
651,84-10,CBB12,,,VVV CL099-7,,17 14 25.65,-38 09 53.8,348.7274,0.3243,WC8,CBB12,,,,,,,,,,18.47,11.67,10.06,9.26,VVV CL099,,,2.13,"RC20 (e,a flags)"
652,120-14,SCB12,,,SCB12 2w03,,18 42 22.17,-03 05 39.6,29.1,0.6,WC8,SCB12,,,,,,,,,,,14.45,12.88,11.64,,,,,
653,120-15,SCB12,,,SCB12 2w04,,18 43 17.23,-03 08 56.7,29.2004,0.3752,WC8,SCB12,,,,,,,,,,18.2,12.69,11.37,10.66,,,,3.01,"RC20 (n,e,a flags)"
654,121-7,SCB12,,,SCB12 2w06,KSF14 1519-E43,18 45 49.90,-02 59 56.3,29.624,-0.121,WC8; WC7,SCB12; KSF14,,,,,,,,,,,16.25,13.2,11.27,,,,,
655,121-8,SCB12,,,SCB12 2w08,,18 47 57.34,-01 27 36.9,31.2,0.11,WC8,SCB12,,,,,,,,,,,18.91,14.85,12.14,,,,,
656,121-9,SCB12,,,SCB12 2w09,,18 48 24.50,-02 06 16.2,30.7,-0.29,WC8,SCB12,,,,,,,,,,,17.75,13.9,11.47,,,W43/RM10 SFC17?,,
657,121-10,SCB12,,,SCB12 2w10,KSF14 1541-3C8,18 50 02.77,-00 32 08.1,32.297,0.066,WC8,SCB12; KSF14,,,,,,,,,,,16.68,14.12,12.23,,,RM10 SFC18?,,
658,123-5,SCB12,,,SCB12 2w11,KSF14 1627-A6D,19 10 11.53,08 58 39.6,43.1,-0.04,WC7,SCB12,,,,,,,,,,,16.31,13.6,11.73,,,W49A/G43.2+0.0,,
659,62-1,AGK11,,,,AX J144701-5919,14 46 53.56,-59 19 38.3,317.1882,0.3106,WN7-8h,AGK11,,,,,,,,,,14.65,8.93,7.6,6.82,,,,2.3,"RC20 (e,a flags)"
660,43-2,RL13,,,MTT 58,RFS 2,11 15 07.57,-61 16 54.7,291.6263,-0.5422,O2If*/WN5,RFS16,,,,,,,,16.14,14.76,13.77,10.47,9.68,9.24,NGC 3603,,G291.6-0.5/RM10 SFC28,6.16,RC20
661,122-1,CVM10,,,,IPHAS J190015.86+000517.3,19 00 15.86,+00 05 17.3,34.017,-1.9236,WC8; WC8d,CVM10; W19,,,,,,,,,,14.9,12.18,11.3,10.3,,,,4.63,RC20
662,125-2,CVM10,,,,IPHAS J193038.84+183909.8,19 30 38.84,+18 39 09.7,53.9216,0.1304,WN8-9,VCM10,,,,,,,,,,12.44,8.21,7.28,6.6,,,,3.28,RC20
663,67-3,MMV13,,,G321.0331-0.4274,,15 15 39.42,-58 08 16.1,321.0331,-0.4274,WN10,MMV13,,,,,,,,,,13.47,9.37,8.46,7.74,,,,2.93,RC20
664,105-1,FSZ14,,,WR 1343-193E,,18 02 46.23,-22 36 39.7,7.408,-0.124,WN6,FSZ14,,,,,,,,,,,14.926,12.69,11.447,,,,,
665,122-11,FSZ14,,,WR 1583-B73,,19 00 05.09,03 47 27.1,37.291,-0.192,WN6,"FSZ14, RHR18",,,,,,,,,,,16.46,13.64,11.82,,,W47/RM10 SFC22?,,
666,124-12,FSZ14,,,WR 1667-D00,,19 20 50.49,13 18 41.1,48.102,-0.334,WN7,FSZ14,,,,,,,,,,,14.687,12.951,11.947,,,,,
667,108-1,FSZ14,,,WR 1361-1583,,18 07 05.16,-20 15 16.7,9.9538,0.1556,WN9,FSZ14,,,,,,,,,,19.44,14.867,12.671,11.162,,,,2.22,RC20 (e flag)
668,102-22,FSZ14,,,WR 1327-14AF,,17 59 02.27,-24 17 00.1,5.531,-0.209,WC7; WC7d,FSZ14; W19,,,,,,,,,,,14.401,12.238,10.875,,,,,
669,71-1,KSF14,,,KSF14 1040-B6C,,16 04 03.78,-53 10 44.5,329.4397,-0.5392,WN9,KSF14,,,,,,,,,,18.85,13.134,11.899,11.171,,,,2.63,"RC20 (n,e,a flags)"
671,75-30,KSF14,,,KSF14 1093-1765,RC17 A13,16 32 25.70,-47 50 46.1,336.3959,0.1395,"WN6, WN7o","KSF14, RC17",,,,,,,,,,,15.149,12.925,11.571,,,,,
672,78-1,KSF14,,,KSF14 1139-49EA,,16 54 08.46,-43 49 25.3,341.91,-0.073,WC6::,KSF14,,,,,,,,,,,16.289,14.528,13.086,,,,,
673,82-2,KSF14,,,KSF14 1178-66B,,17 07 23.95,-39 19 54.5,346.9756,0.7374,WC9,KSF14,,,,,,,,,,18.51,12.494,11.124,10.259,,,,2.02,"RC20 (e,a flags)"
674,84-11,KSF14,,,KSF14 1176-B49,,17 12 34.87,-40 37 13.7,346.5293,-0.8268,WN9h,KSF14,,,,,,,,,,18.36,12.661,11.218,10.409,,,,3.27,"RC20 (n,a flags)"
675,85-1,KSF14,,,KSF14 1198-6EC8,,17 15 55.9,-37 19 12.0,349.587,0.575,WC6::,KSF14,,,,,,,,,,,16.152,14.681,13.467,,,,,
676,98-2,KSF14,,,KSF14 1256-1483A,,17 40 59.35,-32 11 22.3,356.708,-0.86,WN9,KSF14,,,,,,,,,,,13.98,12.46,11.86,,,,,
677,102-23,KSF14,,,KSF14 1319-3BC0,,17 57 16.87,-25 23 13.8,4.376,-0.416,WC7:,KSF14,,,,,,,,,,,14.885,12.717,11.462,,,,,
678,102-24,KSF14,,,KSF14 1338-2B3,,17 59 07.99,-22 36 43.0,6.991,0.605,WN9,KSF14,,,,,,,,,,,12.608,10.477,9.212,,,,,
680,105-2,KSF14,,,KSF14 1343-284,,18 03 28.36,-22 22 59.0,7.6859,-0.1525,WN8-9,KSF14,,,,,,,,17.9,,14.5,10.474,9.6,9.018,,,,2.38,RC20
682,108-2,KSF14,,,KSF14 1366-438,,18 05 55.27,-19 29 44.1,10.483,0.765,WN7-8,KSF14,,,,,,,,,,,15.964,12.429,10.395,,,,,
683,111-9,KSF14,,,KSF14 1381-19L,,18 12 02.42,-18 06 55.3,12.392,0.167,WC9,KSF14,,,,,,,,15.48,13.86,13.63,9.66,8.26,7.8,,,,3.17,RC20 (e flag)
684,111-10,KSF14,,,KSF14 1389-4AB6,,18 14 14.11,-17 21 02.8,13.3135,0.07489,WC7; WC7d,KSF14; W19,,,,,,,,,,19.49,16.131,14.264,12.239,,,,1.23,RC20
685,111-11,KSF14,,,KSF14 1389-1F5D,,18 14 17.37,-17 21 54.4,13.307,0.057,WN8,KSF14,,,,,,,,,,,17.567,13.277,11.052,,,,,
688,117-2,KSF14,,,KSF14 1457-673,,18 31 06.65,-09 48 01.4,21.904,0.004,WC9d,KSF14,,,,,,,,,,,14.849,11.444,9.352,,,,,
689,118-10,KSF14,,,KSF14 1485-6C4,,18 36 55.53,-06 31 02.1,25.4805,0.2406,WN6,KSF14,,,,,,,,,,17.41,12.035,10.809,10.02,,,,0.55,RC20 (a flag)
690,118-11,KSF14,,,KSF14 1485-844,,18 37 51.82,-06 31 19.1,25.583,0.032,WN8,KSF14,,,,,,,,,,,14.724,11.299,9.493,,,RM10 SFC12?,,
691,119-4,KSF14,,,KSF14 1495-1D8A,,18 39 40.60,-05 35 17.6,26.62,0.059,WC8-9,KSF14,,,,,,,,,,,14.639,12.362,11.716,,,,,
692,119-5,KSF14,,,KSF14 1495-705,,18 39 41.19,-05 57 36.3,26.29,-0.113,WN8,KSF14,,,,,,,,,,,14.971,11.381,9.16,,,,,
693,120-16,KSF14,,,KSF14 1514-AA0,,18 41 06.81,-02 56 01.3,29.1438,0.9563,WC8,KSF14,,,,,,,,,,18.72,12.921,11.244,10.537,,,,2.21,"RC20 (e,a flag)"
694,120-17,KSF14,,,KSF14 1509-2E64,,18 42 26.61,-03 56 36.0,28.398,0.199,WC9; WC9d,KSF14; W19,,,,,,,,,,,15.775,14.87,12.446,,,,,
695,121-11,KSF14,,,KSF14 1525-2352,,18 45 14.63,-02 05 05.7,30.37,0.427,WC8:,KSF14,,,,,,,,,,,17.928,14.748,12.444,,,RM10 SFC15?,,
696,121-12,KSF14,,,KSF14 1530-8FA,,18 46 00.97,-01 14 35.0,31.2075,0.6392,WN5,KSF14,,,,,,,,,,18.33,12.759,11.425,10.642,,,,2.4,"RC20 (n,e,a flags)"
697,121-13,KSF14,,,KSF14 1541-197C,,18 50 37.54,-00 01 21.1,32.819,0.171,WC8,KSF14,,,,,,,,,,,14.744,13.328,11.638,,,G32.8+0.2/AMWW 52,,
698,121-14,KSF14,,,KSF14 1544-FA4,,18 51 33.08,-00 13 40.8,32.742,-0.129,WN5,KSF14,,,,,,,,,,,>13.50,12.24,10.83,,,,,
700,122-13,KSF14,,,KSF14 1547-1488,,18 52 57.20,+00 02 54.1,33.148,-0.315,WN5,KSF14,,,,,,,,,,,13.956,12.254,11.159,,,,,
702,122-14,KSF14,,,KSF14 1553-15DF,,18 53 02.56,01 10 22.7,34.159,0.178,WC8; WC8ed,KSF14; W19,,,,,,,,,,,17.779,14.803,12.065,,,RM10 SFC19?,,
703,122-12,KSF14,,,KSF14 1553-9E8,,18 52 33.12,00 47 41.8,33.766,0.115,WN9h,KSF14,,,,,,,,,,,15.76,12.864,10.976,,,,,
704,122-15,KSF14,,,KSF14 1602-9AF,,19 02 42.35,06 54 44.8,40.365,0.6565,WN6,KSF14,,,,,,,,,,18.45,13.109,11.619,11.05,,,,2.1,"RC20 (e,a flag)"
705,123-6,KSF14,,,KSF14 1603-11AD,,19 04 20.14,06 07 52.2,39.856,-0.061,WN5,KSF14,,,,,,,,,,,16.131,13.635,12.156,,,,,
706,123-7,KSF14,,,KSF14 1609-1C95,,19 06 10.68,07 19 13.3,41.123,0.078,WC9,KSF14,,,,,,,,,,,18.406,15.069,11.927,,,G41.1+0.0,,
709,123-8,KSF14,,,KSF14 1629-14D6,,19 10 06.40,09 45 25.4,43.7328,0.3385,WN9h,KSF14,,,,,,,,,,19.95,14.727,13.441,12.625,,,,1.75,"RC20 (n,e,a flags)"
710,124-13,KSF14,,,KSF14 1635-AD8,,19 13 19.19,09 55 29.0,44.248,-0.285,WN6,KSF14,,,,,,,,,,,15.201,12.874,11.478,,,,,
711,124-14,KSF14,,,KSF14 1653-FFE,,19 14 40.73,11 54 15.4,46.156,0.338,WN5-6,KSF14,,,,,,,,,,,15.219,12.998,11.658,,,,,
712,124-15,KSF14,,,KSF14 1651-BB4,,19 15 37.26,11 25 26.3,45.838,-0.089,WN5,KSF14,,,,,,,,,,,15.825,13.21,11.778,,,,,
713,124-16,KSF14,,,KSF14 1647-1E70,,19 15 52.52,11 12 59.7,45.683,-0.241,WC8:,KSF14,,,,,,,,,,,17.531,15.095,12.565,,,,,
714,124-17,KSF14,,,KSF14 1659-212,,19 17 22.20,12 13 09.2,46.741,-0.097,WN9,KSF14,,,,,,,,,,,13.436,10.891,9.527,,,,,
715,124-18,KSF14,,,KSF14 1669-3DF,,19 18 31.35,13 43 39.1,48.2056,0.3593,WN9h,KSF14,,,,,,,,,,19.41,12.788,11.035,9.966,,,,2.6,"RC20 (n,a flags)"
716,124-19,KSF14,,,KSF14 1660-1169,,19 20 02.47,12 08 20.2,46.9755,-0.7118,WC6:,KSF14,,,,,,,,,,20.05,14.652,13.293,12.076,,,,2.32,"RC20 (n,a flags)"
717,124-20,KSF14,,,KSF14 1697-38F,,19 25 18.14,17 02 15.5,51.8953,0.4771,WC9; WC9d,KSF14; W19,,,,,,,,,,19.23,12.966,11.176,9.922,,,,0.68,RC20 (a flag)
718,124-21,KSF14,,,KSF14 1702-23L,,19 26 08.35,17 46 22.9,52.6373,0.6505,WC8,KSF14,,,,,,,,20.44,17.29,15.98,11.86,10.97,10.21,,,,5.85,RC20 (n flag)
719,124-22,KSF14,,,KSF14 1695-2B7,,19 27 17.98,16 05 24.5,51.2893,-0.3945,WC9; WC9d,KSF14; W19,,,,,,,,,,19.29,13.012,11.089,9.641,,,,1.91,"RC20 (e,a flags)"
720,111-8,KSF14,,,KSF14 1367-638,,18 09 06.22,-19 54 27.2,10.487,-0.09,WN9,KSF14,,,,,,,,,,,15.964,12.429,10.395,,,G10.46+0.02/RM10 SFC3?,,
721,111-12,MM14,,,THA 34-30,,18 14 32.98,-18 25 14.8,12.4094,-0.5022,WC9; WC9d,MM14; W19,,,,,,,,,,13.26,9.04,7.25,5.76,,,,2.23,RC20
722,102-25,Mis13,,,KW03-083,,17 59 35.60,-30 51 32.5,359.8826,-3.585,WN6,Mis13,,,,,,,,,,15.29,13.72,13.27,12.83,,,,6.42,RC20 (e flag)
723,124-1B,MDI09; FNT15,,,MDI09 GLIMPSE20 6,Mc20-8,19 12 24.01,+09 57 29.3,44.1723,-0.0695,WC8; WC5-7,RC15; FNT15,,,,,,,,,,20.01,,11.84,10.66,Mercer 20,,,1.56,RC20 (a flag)
724,62-2,CRB15,,,VVV CL041-8,,14 46 26.37,-59 23 29.2,317.1085,0.2774,WN8-9h,CRB15,,,,,,,,,,13.07,8.41,7.42,6.87,VVV CL041,,,2.2,RC20
725,122,CS99,,,NaSt1,LS IV +00 5,18 52 17.55,00 59 44.3,33.9154,0.2639,WN,CS99,,,,16.9,15.4,,,,,13.18,9.86,8.24,6.28,,,,3.03,RC20
726,111-13,MCF15,,,MCF15 1,,18 13 34.82,-18 05 41.5,12.5855,-0.1442,WN6b,MCF15,,,,,,,,,,15.39,10.17,8.89,8.02,,,,2.36,"RC20 (e,a flags)"
727,111-14,NMP15,,,NMP15 2,,18 09 20.3,-20 18 57,10.1567,-0.3357,WN7-8h,NMP15,,,,,,,,,,,11.923,9.225,7.719,,,W41/RM10 SFC1?,,
728,31-Jan,MSA16,,,THA 35-II-153,,10 59 00.86,-60 08 50.1,289.3695,-0.2697,O3.5If/WN7,MSA16,,,,,,,,,13.3,15.61,9.47,8.97,8.65,,,,4.59,RC20
729,43-3,RFS16,,,RFS16 7,,11 15 15.36,-60 51 17.7,291.486,-0.1387,O2.5If*/WN6,RFS16,,,,,,,,14.17,12.89,12.26,9.85,9.39,9.12,,,RM10 SFC28?,6.56,RC20
730,46-18,RC17,,,RC17 E3,,12 08 52.47,-62 50 54.6,298.0981,-0.3769,WC6-7,RC17,,,,,,,,,,19.38,13.34,11.67,10.47,,,RM10 SFC29?,1.81,"RC20 (e,a flags)"
731,47-5,RC17,,,RC17 B13,,12 50 48.96,-62 24 39.8,302.8599,0.4606,WN6(h),RC17,,,,,,,,,,19.07,13.32,12.92,11.09,,,,2.96,"RC20 (n,e,a flags)"
732,56-1,RC17,,,RC17 B37,,13 41 50.01,-62 20 25.8,308.7434,-0.0387,WN5o,RC17,,,,,,,,,,,14.94,13.21,12.18,,,,,
733,60-7,RC17,,,RC17 B51,,14 02 33.42,-61 20 27.4,311.3533,0.3625,WC7-8,RC17,,,,,,,,,,19.33,13.28,11.57,10.28,,,G311.48+0.37/RM10 SFC31?,2.06,"RC20 (e,a flag)"
734,60-8,RC17,,,RC17 B56,,14 12 15.19,-61 42 45.2,312.3517,-0.3277,WN6o,RC17,,,,,,,,,,,14.9,12.98,11.76,,,,,
735,64-2,RC17,,,RC17 B85,,15 01 14.05,-58 49 07.4,319.0607,-0.0724,WN6o,RC17,,,,,,,,,,,14.46,12.88,11.89,,,,,
736,64-3,RC17,,,RC17 B87,,15 02 46.14,-58 27 06.8,319.412,0.1535,WN6o,RC17,,,,,,,,,,17.68,12.39,11.04,10.18,,,,2.9,"RC20 (n,e,a flags)"
737,64-4,RC17,,,RC17 B88,,15 04 11.16,-58 27 21.7,319.5721,0.06,WN6o+OB,RC17,,,,,,,,,,17.08,11.35,10.01,9.1,,,,1.54,RC20 (a flag)
738,64-5,RC17,,,RC17 B91,,15 07 31.84,-58 15 09.9,320.054,0.0208,WN6o,RC17,,,,,,,,,,19.23,13.11,11.66,10.8,,,,1.83,"RC20 (e,a flags)"
739,64-6,RC17,,,RC17 B93,,15 10 57.65,-57 57 28.5,320.5939,0.0474,WN6b,RC17,,,,,,,,,,,13.84,12.19,11.11,,,,,
740,70-13,RC17,,,RC17 B105,,15 37 46.50,-56 08 45.5,324.6325,-0.4488,WC8d,RC17,,,,,,,,,,18.57,13.12,11.38,9.96,,,,2.78,"RC20 (n,a flags)"
741,70-14,RC17,,,RC17 B107,,15 39 17.02,-55 49 18.9,324.9945,-0.3129,WN4b,RC17,,,,,,,,,,,14.12,12.58,11.5,,,,,
742,70-15,RC17,,,RC17 B123,,15 58 57.97,-52 46 05.4,329.1414,0.2865,WN5o,RC17,,,,,,,,,,,15.61,13.59,12.4,,,,,
743,72-5,RC17,,,RC17 B132,,16 07 01.46,-51 58 18.6,330.5909,0.0725,WN6o,RC17,,,,,,,,,,18.69,12.56,11.14,10.27,,,,2.57,"RC20 (n,e,a flags)"
744,75-31,RC17,,,RC17 A11,,16 25 13.60,-48 58 22.3,334.7557,0.2255,WN7o,RC17,,,,,,,,,,,15.28,13.34,12.21,,,,,
745,76-11,RC17,,,RC17 B154,,16 40 12.92,-46 08 54.0,338.5451,0.2996,WN7o,RC17,,,,,,,,,,,15.05,13.15,11.98,,,,,
746,113-3,MMV18,,,,2MASS J18225904-1312311,18 22 59.04,-13 12 31.1,17.96061,0.17798,WN4-5,MMV18,,,,,,,,,,,14.17,12.62,11.68,,,,,
747,114-3,MMV18,,,,2MASS J18244626-1154270,18 24 46.26,-11 54 27.0,19.31448,0.40202,WN4-5,MMV18,,,,,,,,,,,13.4,12.28,11.42,,,,,
748,116-4,MMV18,,,,2MASS J18282046-1216364,18 28 20.46,-12 16 36.4,19.39449,-0.54221,WN4-5,MMV18,,,,,,,,,,,14.85,13.09,12.14,,,,,
749,121-15,MMV18,,,,2MASS J18442065-0236510,18 44 20.66,-02 36 51.2,29.7968,0.3848,WN4-5,MMV18,,,,,,,,,,18.03,12.74,11.57,10.72,,,,2.98,"RC20 (n,e,a flags)"
750,122-16,RHR18,,,RHR18 #29,,19 00 11.04,+03 47 34.8,37.304,0.213,WN8-9h,RHR18,,,,,,,,,,,13.79,10.81,9.12,,,,,
751,70-16,CTP18,,,Apep,2XMM J160050.7-514245,16 00 50.49,-51 42 45.3,330.0475,0.8995,WC7d+WN or WN/Cd+O,CTP18,CWB; d.e.l.,CTP18,,,,,,,,15.44,10.2,,6.7,,,,2.4,CTP18
752,100-4,GLS19,,,,J17443734-2927557,17 44 37.34,-29 27 55.7,359.435,-0.091,WCd,GLS19,,,,,,,,,,,17.56,13.91,10.29,,,G359.4-0.1,,
753,100-5,GLS19,,,,J17444083-2926550,17 44 40.83,-29 26 55.0,359.456,-0.092,WCd,GLS19,,,,,,,,,,,16.76,12.81,9.4,,,G359.4-0.1,,
754,100-6,GLS19,,,,J17450483-2911464,17 45 04.83,-29 11 46.4,359.717,-0.035,WCd,GLS19,,,,,,,,,,,15.02,11.63,9.04,,,,,
755,102-26,GLS19,,,,J17463219-2844546,17 46 32.19,-28 44 54.6,0.264,-0.074,WCd,GLS19,,,,,,,,,,,17.l4,12.86,9.21,Quintuplet,,,,
756,75-32,MCB19,,,VVV CL074-13,,16 32 08.43,-47 49 44.70,336.3754,0.1865,WC9,MCB19,,,,,,,,,,,15.08,12.13,10.3,VVV CL074,,,,
757,147-1,RRR20,,,,2MASS J20382292+4228034,20 38 22.92,+42 28 03.4,81.7199,0.7172,WN4,RRR20,,,,,,,,,,17.59,12.03,10.51,9.56,,,,,
758,48-11,RRR20,,,,2MASS J13113560-6245324,13 11 35.60  ,-62 45 32.4,305.238,0.021,WN9h,RRR20,,,,,,,,,,,15.98,14,12.64,,,,,
759,48-12,RRR20,,,,2MASS J13113686-6249594,13 11 36.86,-62 49 59.4,305.232,-0.052,WN9h,RRR20,,,,,,,,,,,15.57,13.49,11.41,,,,,
760,121-16,ZTW20,,,,ASASSN-V J185139.71-053451.1,18 51 39.7,-05 34 51.1,27.9871,-2.5912,WN7o/WC,ZTW20,,,,,,,,14.82,14.02,13.42,11.37,11,10.61,,,,,
